/*******************************************************************************
 * Size: 16 px
 * Bpp: 4
 * Opts: --size 16 --bpp 4 --format lvgl --font managed_components\lvgl__lvgl\demos\multilang\assets\fonts\NotoSansSC-Medium.otf -r 0x20-0x7E --symbols ─│┌┐└┘├┤┬┴◄。【】一上下不与且丢严个中为主二于交产仅仔以件任会何使保信充光入全关再准切则初前功加动助勿包化匹协即原发取受可名后启器回固在地址型处备复多大失如始字安完定实审密对导将尚尝层屏已布幕底当循恢您情意成或户所扫找护持据接描支数文新无日时易最有期未本机果核次欢步泄法注消清源版牙牢物现理生用电的直真知码硬确禁离私立签管类系线细经络统维网置署背能脑若蓝被装解言计认议记设访词试详语误请败账资载输过迎进连送适通遗遵配重钥钱锁错问除随隔障露页须高！，： --lv-font-name font_china_16 -o main\src\font_china_16_compressed.c
 ******************************************************************************/

#ifdef LV_LVGL_H_INCLUDE_SIMPLE
#include "lvgl.h"
#else
#include "lvgl/lvgl.h"
#endif

#ifndef FONT_CHINA_16
#define FONT_CHINA_16 1
#endif

#if FONT_CHINA_16

/*-----------------
 *    BITMAPS
 *----------------*/

/*Store the image of the glyphs*/
static LV_ATTRIBUTE_LARGE_CONST const uint8_t glyph_bitmap[] = {
    /* U+0020 " " */

    /* U+0021 "!" */
    0x2f, 0xa0, 0x1, 0x98, 0x0, 0x20, 0x20, 0x1d,
    0xe0, 0x1, 0x1, 0x0, 0x6b, 0x82, 0x12, 0xc7,
    0x38, 0xa0,

    /* U+0022 "\"" */
    0x9f, 0x41, 0xfd, 0x10, 0x0, 0x80, 0xf8, 0x38,
    0x1, 0xc8, 0x8, 0x8, 0x8c, 0x2, 0xd, 0xc7,
    0xe0, 0xb, 0x70,

    /* U+0023 "#" */
    0x0, 0xbc, 0x42, 0x9c, 0x2, 0x20, 0x10, 0x62,
    0x0, 0x98, 0x80, 0x6, 0xc0, 0xf, 0xb2, 0xff,
    0x6, 0x48, 0x62, 0xab, 0x24, 0x32, 0xc0, 0xc3,
    0x4c, 0x88, 0x64, 0x0, 0x61, 0x2, 0x60, 0x2,
    0xf9, 0xcf, 0xca, 0x79, 0xa6, 0x5, 0x62, 0x36,
    0x18, 0x90, 0x29, 0xbf, 0x98, 0x0, 0x84, 0x0,
    0x44, 0x0, 0x98, 0x80, 0x2, 0xc0, 0x0,

    /* U+0024 "$" */
    0x0, 0xc8, 0x20, 0x1f, 0x59, 0x0, 0x79, 0x42,
    0xc4, 0x3, 0x65, 0x3, 0xf2, 0x80, 0x1c, 0xdb,
    0xb5, 0x44, 0x1, 0xa1, 0x62, 0x54, 0x80, 0xd,
    0xa, 0x0, 0xf3, 0x9b, 0xe2, 0x0, 0x76, 0x41,
    0xdc, 0x80, 0x73, 0xf2, 0x34, 0x80, 0x70, 0xd8,
    0xb0, 0x0, 0x80, 0x3f, 0x7e, 0xba, 0xd0, 0xa8,
    0x2, 0x46, 0x29, 0x52, 0xc0, 0x9, 0x9c, 0x17,
    0x61, 0x0, 0xc2, 0xe, 0x1, 0x0,

    /* U+0025 "%" */
    0x3, 0xcf, 0xa1, 0x0, 0x8b, 0x84, 0x3, 0x6a,
    0x6b, 0x40, 0x5, 0xc, 0x20, 0x12, 0xc, 0x15,
    0x30, 0x0, 0xd2, 0x0, 0x31, 0x0, 0x44, 0x1,
    0x44, 0x0, 0x38, 0x80, 0x21, 0x0, 0x23, 0x30,
    0x3, 0x94, 0x18, 0x39, 0x42, 0x20, 0x13, 0xd8,
    0x60, 0x35, 0x1e, 0xf6, 0xa0, 0xb2, 0xb9, 0x7a,
    0x0, 0x5e, 0xe6, 0xc, 0x40, 0x1a, 0x89, 0xc5,
    0x0, 0x21, 0x6, 0x62, 0x0, 0x8, 0x0, 0x24,
    0x1, 0xd1, 0x0, 0x8, 0x80, 0x2, 0x60, 0x19,
    0xd0, 0xc0, 0xd, 0x65, 0x2, 0xa0, 0x10, 0xcc,
    0x0, 0x50, 0xfa, 0xba, 0x0,

    /* U+0026 "&" */
    0x0, 0xa7, 0xb8, 0xe0, 0x1f, 0x4b, 0x4b, 0xc1,
    0x80, 0x79, 0xd1, 0xe0, 0x18, 0x3, 0xc6, 0x0,
    0x90, 0x40, 0xf, 0x22, 0x29, 0xe8, 0x40, 0x3d,
    0xe0, 0xb8, 0xa0, 0x8, 0x60, 0x3, 0x48, 0x82,
    0x80, 0xd, 0xc4, 0xa, 0x4f, 0x96, 0x54, 0x24,
    0x18, 0x10, 0x28, 0x29, 0x2a, 0x8b, 0x2, 0x4,
    0x1c, 0x0, 0xb3, 0x50, 0x40, 0x2, 0x13, 0xd3,
    0xd9, 0x90, 0x65, 0x80, 0x31, 0x92, 0x1e, 0x37,
    0x4a, 0x20,

    /* U+0027 "'" */
    0x9f, 0x41, 0x0, 0x78, 0x39, 0x1, 0x30, 0x9,
    0xf8, 0x0,

    /* U+0028 "(" */
    0x0, 0xf4, 0x50, 0xb, 0xf8, 0x48, 0xa8, 0x33,
    0x81, 0xe, 0x3, 0x83, 0x81, 0x1, 0x7, 0x80,
    0x7d, 0xe0, 0x11, 0x1, 0x3, 0x83, 0x81, 0xe,
    0x0, 0x19, 0xc0, 0x14, 0x2a, 0x4, 0xdc, 0x0,
    0x9b,

    /* U+0029 ")" */
    0x0, 0xe1, 0xe3, 0x0, 0xa, 0xf8, 0x5, 0xe6,
    0x60, 0x2, 0xd, 0x0, 0x48, 0x80, 0xb, 0x48,
    0x2, 0x20, 0x20, 0x0, 0x80, 0x80, 0x7c, 0x20,
    0x20, 0x2, 0x2, 0x0, 0x69, 0x0, 0x48, 0x80,
    0x1, 0x8d, 0x0, 0x24, 0xcc, 0x2, 0xb0, 0x0,
    0x1f, 0x40, 0x0,

    /* U+002A "*" */
    0x0, 0xad, 0x80, 0x24, 0x27, 0xe3, 0x30, 0x7e,
    0x9b, 0xe5, 0x85, 0xb8, 0x3, 0x20, 0x5, 0x9d,
    0x20, 0x0, 0x31, 0xa, 0xe0,

    /* U+002B "+" */
    0x0, 0xc6, 0x1, 0xf1, 0x62, 0x0, 0x7f, 0xf0,
    0xc4, 0x3, 0x9b, 0xfd, 0x81, 0x7f, 0xe8, 0x7c,
    0xc5, 0x4, 0x66, 0x28, 0x4c, 0xce, 0x6, 0x71,
    0x0, 0x7f, 0xf1, 0x80,

    /* U+002C "," */
    0x0, 0x20, 0x2, 0xae, 0x43, 0x41, 0x1, 0xd9,
    0x80, 0x8d, 0xc1, 0x50, 0xa1, 0xce, 0x0,

    /* U+002D "-" */
    0x1, 0x1c, 0x7d, 0xd8, 0xae, 0xf0,

    /* U+002E "." */
    0x27, 0x19, 0x86, 0xc1, 0x30,

    /* U+002F "/" */
    0x0, 0xd1, 0x80, 0x19, 0x2c, 0x2, 0x13, 0x40,
    0x9, 0x4, 0xc0, 0x2f, 0x40, 0xc, 0x9e, 0x1,
    0x18, 0xa0, 0x5, 0x66, 0x20, 0x12, 0x58, 0x4,
    0x26, 0x80, 0x13, 0x89, 0x80, 0x58, 0xe0, 0x19,
    0x30, 0x2, 0x31, 0x50, 0xa, 0xcc, 0x3, 0x6c,
    0x0, 0x60,

    /* U+0030 "0" */
    0x0, 0x1d, 0xfe, 0x20, 0x4, 0x78, 0xce, 0x36,
    0x80, 0x9, 0xf, 0x8c, 0x8, 0x0, 0x29, 0x90,
    0xa, 0x98, 0x88, 0x14, 0x2, 0xd0, 0x22, 0x0,
    0x80, 0x42, 0xc, 0x1, 0xfc, 0x40, 0x20, 0x17,
    0x3, 0x8, 0x28, 0x4, 0x40, 0x40, 0xc6, 0x40,
    0x2a, 0x82, 0x16, 0x1f, 0x18, 0x1e, 0x0, 0x2c,
    0x67, 0x1b, 0x40,

    /* U+0031 "1" */
    0x3, 0x8f, 0xc0, 0x8, 0xb1, 0xc0, 0x38, 0xbb,
    0x40, 0x3c, 0x24, 0x1, 0xff, 0xe9, 0x58, 0x80,
    0x14, 0x40, 0x31, 0xdc, 0x2, 0xee, 0x10,

    /* U+0032 "2" */
    0x1, 0x9d, 0xfb, 0x30, 0x1, 0x7b, 0xa3, 0x26,
    0x10, 0x13, 0x7c, 0xca, 0xc2, 0xc0, 0x10, 0x20,
    0x5, 0x2, 0x0, 0xf1, 0x1, 0x0, 0x7a, 0x83,
    0x40, 0x38, 0x98, 0xd0, 0x3, 0xf, 0x87, 0x0,
    0x76, 0x95, 0x10, 0x6, 0xb3, 0x85, 0x0, 0xd8,
    0x84, 0x11, 0x11, 0x21, 0x81, 0x43, 0xbc, 0xc0,

    /* U+0033 "3" */
    0x1, 0x9d, 0xfc, 0x60, 0xb, 0x1d, 0xcc, 0x52,
    0xc0, 0xf, 0xf5, 0x4d, 0x6, 0x80, 0x8, 0x40,
    0xc, 0x1, 0xe2, 0x4e, 0x18, 0x0, 0x87, 0x6c,
    0xf4, 0xc0, 0x21, 0xa8, 0x2c, 0x50, 0xc, 0xaf,
    0xa5, 0x40, 0x1f, 0x38, 0x10, 0x48, 0x6, 0x40,
    0x24, 0x6e, 0xa8, 0xd1, 0x70, 0x4c, 0x47, 0x70,
    0xcc, 0x0,

    /* U+0034 "4" */
    0x0, 0xc9, 0xfe, 0x20, 0xe, 0x90, 0xf, 0x9c,
    0x90, 0x3, 0x86, 0x10, 0xc0, 0x3a, 0x2, 0x4,
    0x3, 0x1b, 0x30, 0xc0, 0x3b, 0xc6, 0x0, 0x39,
    0x4e, 0x40, 0x40, 0x2, 0x2f, 0x8, 0xee, 0x30,
    0x65, 0xcd, 0xde, 0x40, 0x99, 0x1a, 0x26, 0x20,
    0x43, 0x0, 0xfe,

    /* U+0035 "5" */
    0x4, 0xff, 0xeb, 0x0, 0x8, 0x23, 0xbd, 0xa0,
    0x3, 0x8, 0x8c, 0xc0, 0xe, 0x1, 0x0, 0xf0,
    0x87, 0x7f, 0x48, 0x5, 0x87, 0x54, 0x56, 0x90,
    0x2, 0xe3, 0x2d, 0x8b, 0x0, 0x7c, 0x80, 0x60,
    0x1e, 0x10, 0x20, 0x90, 0x8, 0x90, 0x44, 0x8d,
    0xd5, 0x38, 0x14, 0x9, 0x88, 0xec, 0x56, 0x80,

    /* U+0036 "6" */
    0x0, 0xa3, 0x7a, 0xd0, 0x2, 0xb7, 0x67, 0x6a,
    0x0, 0x2a, 0x35, 0xce, 0xe0, 0x2, 0x42, 0x0,
    0x22, 0x0, 0x11, 0x88, 0x7, 0x8, 0x99, 0xfb,
    0xf0, 0xc0, 0x25, 0xcb, 0x92, 0xd0, 0x10, 0x4b,
    0x56, 0x91, 0x40, 0x27, 0x0, 0x8c, 0x8, 0x28,
    0xc8, 0x1, 0x80, 0xa0, 0xc3, 0x8f, 0x2e, 0x86,
    0x3, 0xe9, 0x2e, 0xd6, 0x0,

    /* U+0037 "7" */
    0x3f, 0xff, 0x94, 0x9d, 0xf8, 0x41, 0xc6, 0x23,
    0x60, 0xc1, 0x0, 0x74, 0x9b, 0x80, 0x72, 0x94,
    0x80, 0x7b, 0x85, 0x40, 0x38, 0x51, 0x0, 0x1e,
    0x40, 0xd0, 0xf, 0x68, 0x18, 0x7, 0x88, 0x18,
    0x3, 0xcc, 0x6, 0x1, 0xe1, 0x1, 0x0, 0x80,

    /* U+0038 "8" */
    0x0, 0x2e, 0x7e, 0xb8, 0x4, 0x94, 0x12, 0x90,
    0xe0, 0xe, 0xd, 0x69, 0x2a, 0x0, 0x18, 0x8,
    0x1, 0xc0, 0x2a, 0xa, 0x11, 0x25, 0x0, 0xe,
    0x57, 0xb1, 0x5c, 0x0, 0x56, 0xca, 0x4a, 0x60,
    0xf, 0x69, 0xac, 0xc, 0x13, 0x2c, 0x0, 0x1c,
    0x82, 0x8, 0x70, 0x5, 0xe0, 0x24, 0xad, 0x2b,
    0x2e, 0x68, 0x15, 0x9, 0x48, 0xda, 0x0,

    /* U+0039 "9" */
    0x0, 0x46, 0xf5, 0x90, 0x5, 0x2e, 0xe9, 0x6d,
    0x20, 0x16, 0x4a, 0x7c, 0x8, 0x5, 0xc, 0x0,
    0xa, 0xa8, 0x1c, 0x34, 0x2, 0x30, 0x13, 0x15,
    0x42, 0x76, 0x2, 0xd, 0x1b, 0xdc, 0x60, 0x10,
    0x3e, 0xde, 0xb3, 0x2, 0x0, 0x88, 0x41, 0x8,
    0x0, 0x22, 0x0, 0x30, 0xd8, 0x3, 0x3e, 0x6a,
    0x49, 0x80, 0x1c, 0xae, 0xe6, 0xd0, 0x0,

    /* U+003A ":" */
    0x6e, 0x3d, 0x14, 0x98, 0x62, 0x71, 0x0, 0xf1,
    0x38, 0xcc, 0x36, 0x9, 0x80,

    /* U+003B ";" */
    0x6, 0xe3, 0xd, 0x14, 0x9, 0x86, 0x2, 0x71,
    0x0, 0xff, 0x20, 0x2, 0xae, 0x43, 0x41, 0x1,
    0xd9, 0x80, 0x8d, 0xc1, 0x50, 0xa1, 0xce, 0x0,

    /* U+003C "<" */
    0x0, 0xf9, 0x10, 0x1, 0x8a, 0x3a, 0xcc, 0x0,
    0xd9, 0xac, 0xcc, 0x74, 0xf9, 0x6b, 0xe8, 0x30,
    0x10, 0x12, 0x60, 0xc, 0xbd, 0x2b, 0xba, 0x71,
    0x0, 0xb, 0xee, 0x3c, 0x73, 0x0, 0x63, 0xaf,
    0x93,

    /* U+003D "=" */
    0x6f, 0xff, 0xa1, 0x2a, 0xbf, 0x12, 0xaf, 0xc4,
    0x1, 0xfc, 0xdf, 0xff, 0x43, 0xe6, 0x7d, 0x40,

    /* U+003E ">" */
    0x35, 0x0, 0xf9, 0xab, 0xe4, 0xc0, 0x32, 0xeb,
    0xa6, 0x6b, 0x8, 0x0, 0xa3, 0x71, 0x23, 0x98,
    0x3, 0x8, 0x80, 0x30, 0xb6, 0x6b, 0x33, 0x59,
    0x7a, 0x5a, 0xfa, 0x8, 0x6, 0x3a, 0x90, 0x3,
    0x0,

    /* U+003F "?" */
    0x2, 0xae, 0xe5, 0x8, 0xe, 0x3b, 0x89, 0x68,
    0x7, 0x36, 0x70, 0x50, 0x0, 0x40, 0x18, 0x80,
    0x3a, 0x6, 0xc0, 0x32, 0x3b, 0x30, 0x3, 0x51,
    0x48, 0x6, 0x11, 0x20, 0x7, 0xf, 0x48, 0x7,
    0x98, 0xc0, 0x39, 0xa3, 0xc0, 0x39, 0x45, 0x0,
    0x20,

    /* U+0040 "@" */
    0x0, 0xe5, 0xae, 0xfd, 0xa4, 0x0, 0xf0, 0xdd,
    0x1d, 0xe4, 0x1d, 0xc8, 0x6, 0x1f, 0xe, 0x95,
    0x35, 0x9c, 0x77, 0x0, 0x54, 0x56, 0x20, 0x1c,
    0x77, 0x2, 0xc, 0x9c, 0x0, 0x6c, 0xd9, 0xc0,
    0x51, 0x40, 0xa6, 0x20, 0x79, 0x94, 0x32, 0x80,
    0x17, 0x40, 0xf0, 0x6, 0x25, 0x54, 0x1e, 0x0,
    0x21, 0x10, 0x30, 0x20, 0x38, 0x10, 0x28, 0x0,
    0xb8, 0x41, 0x80, 0x80, 0x41, 0x80, 0x80, 0x51,
    0x0, 0x3a, 0x6, 0x8, 0x30, 0x4, 0x34, 0xa6,
    0xe, 0xc0, 0x8b, 0x7f, 0xd, 0x9c, 0x54, 0x0,
    0x80, 0xa0, 0xaf, 0xe4, 0x9f, 0xf4, 0x80, 0x43,
    0xa9, 0xaa, 0x40, 0x28, 0x80, 0xf, 0x1f, 0xa5,
    0xef, 0xf4, 0x88, 0x7, 0xc3, 0x3d, 0xfb, 0xfa,
    0xa0, 0x18,

    /* U+0041 "A" */
    0x0, 0x93, 0xfc, 0x60, 0x1e, 0xd1, 0xb, 0x0,
    0xf3, 0xb9, 0x14, 0x3, 0x8c, 0x73, 0x4, 0x40,
    0xd, 0x60, 0xaa, 0xa, 0x0, 0xcc, 0x60, 0x44,
    0x50, 0x8, 0xc5, 0x4, 0x4e, 0x44, 0x0, 0x58,
    0x3f, 0x71, 0x41, 0x40, 0xa, 0x57, 0x75, 0x5,
    0x81, 0x92, 0x26, 0x54, 0x32, 0xb0, 0xd0, 0xd,
    0xa0, 0xaa, 0x4, 0x0, 0xc8, 0x16,

    /* U+0042 "B" */
    0x7f, 0xfd, 0xb2, 0x40, 0x12, 0xc4, 0x19, 0x98,
    0x1, 0x63, 0xba, 0xd4, 0x50, 0x3, 0xc4, 0xc,
    0x0, 0x11, 0x13, 0x3a, 0x10, 0x2, 0x3b, 0x64,
    0x60, 0x2, 0x6b, 0xb4, 0x1e, 0x28, 0x3, 0xd1,
    0xf, 0x81, 0x0, 0x1e, 0x11, 0x10, 0x7, 0x8c,
    0x4c, 0x1, 0x8e, 0xe9, 0xc0, 0x80, 0x2, 0xc4,
    0x1d, 0x71, 0x0,

    /* U+0043 "C" */
    0x0, 0x8a, 0xb7, 0xad, 0x0, 0x25, 0xd5, 0x14,
    0x5b, 0x40, 0x1a, 0x1c, 0xc5, 0x74, 0xa0, 0x58,
    0x41, 0x80, 0x4c, 0x0, 0x70, 0x60, 0xf, 0x88,
    0x40, 0x3f, 0xf8, 0xc4, 0x20, 0x1f, 0x9c, 0x18,
    0x3, 0xe8, 0x8, 0x30, 0xa, 0x8, 0xa, 0x47,
    0x31, 0x5c, 0xea, 0x0, 0x6c, 0x52, 0x45, 0xa7,

    /* U+0044 "D" */
    0x7f, 0xfb, 0x6d, 0x0, 0x39, 0x1d, 0xcb, 0x74,
    0x1, 0xb6, 0x2b, 0xcd, 0x58, 0x3, 0xc3, 0xc1,
    0x0, 0x1f, 0x11, 0x4, 0x40, 0x1f, 0x38, 0x10,
    0x7, 0xc2, 0x1, 0xfc, 0xc0, 0x60, 0x1e, 0x22,
    0x80, 0x3c, 0x3c, 0x10, 0x1, 0x6c, 0x57, 0x1b,
    0x28, 0x4, 0x8e, 0xe4, 0xb9, 0x0, 0x0,

    /* U+0045 "E" */
    0x7f, 0xff, 0x40, 0x1, 0x1d, 0xf6, 0x0, 0x36,
    0x23, 0x20, 0x7, 0xff, 0x1a, 0x7f, 0xeb, 0x0,
    0x91, 0xde, 0xd0, 0xb, 0x62, 0x26, 0x0, 0xff,
    0xe3, 0xec, 0x46, 0x60, 0x2, 0x3b, 0xec,

    /* U+0046 "F" */
    0x7f, 0xff, 0x40, 0x1, 0x1d, 0xf6, 0x0, 0x36,
    0x23, 0x20, 0x7, 0xff, 0x1b, 0x62, 0x26, 0x0,
    0x91, 0xde, 0xa0, 0xa, 0x7f, 0xec, 0x0, 0xff,
    0xea, 0x80,

    /* U+0047 "G" */
    0x0, 0x8a, 0x77, 0xf1, 0xc0, 0x32, 0xeb, 0xa,
    0x8c, 0x50, 0x0, 0x68, 0x6f, 0x2b, 0x6a, 0xc0,
    0x10, 0x10, 0x80, 0x12, 0x88, 0x1, 0x1, 0x80,
    0x3f, 0x10, 0x80, 0x4f, 0x11, 0x0, 0x7d, 0x2e,
    0xf0, 0x81, 0x8, 0x5, 0xde, 0xc0, 0x13, 0x83,
    0x0, 0x7e, 0x80, 0x83, 0x0, 0x8c, 0x2, 0x29,
    0x1c, 0xc5, 0x62, 0x88, 0x80, 0xd, 0xaa, 0x2a,
    0xd, 0xe0,

    /* U+0048 "H" */
    0x7f, 0x60, 0xd, 0x1e, 0x80, 0x1f, 0xfd, 0xe9,
    0xff, 0xce, 0x1, 0x8d, 0x9b, 0x10, 0x6, 0xa9,
    0x9c, 0xa0, 0x1f, 0xfd, 0xe0,

    /* U+0049 "I" */
    0x7f, 0x60, 0xf, 0xfe, 0xa8,

    /* U+004A "J" */
    0x0, 0xe8, 0xf4, 0x0, 0xff, 0xf8, 0x88, 0x0,
    0x68, 0x80, 0x8, 0xa, 0x69, 0xb5, 0xa4, 0x82,
    0x5a, 0xa8, 0x6d, 0x60,

    /* U+004B "K" */
    0x7f, 0x60, 0x9, 0xfe, 0x40, 0x3c, 0x90, 0x72,
    0x1, 0xc3, 0x43, 0xa0, 0x1e, 0xd1, 0xa1, 0x0,
    0xe9, 0x37, 0x40, 0xe, 0xa6, 0x5, 0x0, 0xf1,
    0x93, 0x13, 0x0, 0x7b, 0xe0, 0x60, 0x40, 0x34,
    0x10, 0xc8, 0xc0, 0x6, 0x10, 0x3, 0x93, 0x10,
    0x7, 0xd2, 0x12, 0x1, 0xf2, 0x24, 0xa0,

    /* U+004C "L" */
    0x7f, 0x60, 0xf, 0xff, 0xf8, 0x6, 0xd8, 0x8c,
    0x60, 0x4, 0x77, 0xca,

    /* U+004D "M" */
    0x7f, 0xd0, 0xe, 0x9f, 0xb0, 0x1, 0x18, 0x6,
    0x70, 0xc, 0x34, 0x1, 0x20, 0x88, 0x2, 0x77,
    0x0, 0x5c, 0x66, 0x0, 0xb0, 0x50, 0x0, 0xb6,
    0x60, 0x13, 0x8f, 0x2, 0x83, 0x8, 0x4, 0x2c,
    0xa1, 0xe6, 0x20, 0x1d, 0x40, 0xaa, 0xa0, 0xf,
    0x11, 0xd8, 0x38, 0x7, 0xd6, 0x2a, 0x20, 0x1f,
    0x31, 0x70, 0x7, 0xe1, 0xd4, 0x0, 0xc0,

    /* U+004E "N" */
    0x7f, 0xb0, 0xd, 0x1e, 0x40, 0x4, 0x40, 0x7,
    0xe1, 0x90, 0xf, 0xd2, 0x4c, 0x1, 0xf2, 0x14,
    0x0, 0x7c, 0xf2, 0x2e, 0x1, 0xf2, 0x22, 0x4,
    0x3, 0xe8, 0x8, 0xf0, 0xf, 0x1a, 0xb0, 0x7,
    0xeb, 0x9, 0x0, 0xf8, 0x5c, 0x40, 0x3f, 0x48,
    0x80, 0x0,

    /* U+004F "O" */
    0x0, 0x92, 0xfb, 0x96, 0x80, 0x1c, 0xf6, 0x8a,
    0xa4, 0xb8, 0x0, 0x8e, 0xb, 0x6e, 0xdc, 0x4e,
    0x80, 0x9, 0x8, 0x20, 0x0, 0xc8, 0x40, 0x1,
    0x1, 0x40, 0x32, 0x9, 0x80, 0x4, 0x80, 0x3c,
    0x40, 0x20, 0x3, 0x0, 0xff, 0x10, 0x80, 0x78,
    0x80, 0x41, 0xc1, 0x40, 0x32, 0xa, 0x0, 0x20,
    0x2c, 0x80, 0x5, 0x21, 0x0, 0x2, 0x81, 0xdb,
    0xb6, 0x93, 0x98, 0x4, 0xf6, 0x8a, 0xa4, 0xb8,
    0x0, 0x0,

    /* U+0050 "P" */
    0x7f, 0xfd, 0xb2, 0x20, 0x12, 0x3b, 0x99, 0x98,
    0x20, 0xd, 0x88, 0x5b, 0x93, 0x80, 0x7a, 0xc3,
    0x80, 0x3c, 0xa1, 0xc0, 0x1, 0x23, 0x68, 0x17,
    0x0, 0x46, 0xe4, 0x9d, 0x8, 0x1, 0xaa, 0xf7,
    0x48, 0x1, 0x7a, 0xa1, 0x0, 0x7f, 0xf4, 0x80,

    /* U+0051 "Q" */
    0x0, 0x92, 0xfb, 0x96, 0x80, 0x1c, 0xf6, 0x8a,
    0xa4, 0xb8, 0x0, 0x8a, 0x7, 0x6e, 0xda, 0x4e,
    0x60, 0x8, 0xb, 0x20, 0x1, 0x48, 0x40, 0x1,
    0xc1, 0x40, 0x32, 0xa, 0x0, 0x8, 0x80, 0x1e,
    0x20, 0x10, 0xf, 0xfe, 0x8, 0x90, 0x7, 0x88,
    0x4, 0x14, 0x10, 0x3, 0x18, 0x98, 0x3, 0xc2,
    0x0, 0x34, 0x4, 0x80, 0x11, 0x8f, 0x5d, 0xd8,
    0x8a, 0xa0, 0xa, 0x64, 0x11, 0x2, 0x8a, 0x0,
    0xe6, 0xd6, 0x7, 0x70, 0x7, 0xe8, 0x36, 0xd9,
    0x91, 0x0, 0x70, 0xe4, 0x3, 0x3b, 0x80,

    /* U+0052 "R" */
    0x7f, 0xfd, 0xd4, 0x40, 0x19, 0x21, 0xd5, 0x58,
    0x20, 0x16, 0xbc, 0x5c, 0xb, 0x0, 0x7c, 0x81,
    0xc0, 0x1f, 0x28, 0x8, 0x4, 0x24, 0x46, 0x80,
    0xa0, 0xa, 0x37, 0x52, 0x14, 0x40, 0x13, 0x52,
    0x84, 0xa8, 0x6, 0xf5, 0xb0, 0x81, 0x0, 0xf0,
    0xc0, 0x40, 0x7, 0xce, 0x4c, 0x60, 0x1f, 0x48,
    0x78, 0x0,

    /* U+0053 "S" */
    0x0, 0x15, 0x77, 0x2d, 0x40, 0x22, 0xd5, 0x25,
    0x55, 0x30, 0x2, 0xc2, 0xb2, 0xfa, 0x58, 0x0,
    0x60, 0x20, 0x13, 0x0, 0x58, 0x14, 0xc0, 0x1e,
    0x68, 0x19, 0xe8, 0x0, 0xe7, 0xd6, 0x17, 0xd3,
    0x0, 0xc5, 0x3c, 0xc5, 0xc0, 0x1e, 0x19, 0x12,
    0x0, 0x4b, 0x80, 0x44, 0x24, 0x2, 0xb1, 0xd7,
    0x5a, 0x10, 0x3, 0x92, 0xaa, 0x44, 0x5a, 0x80,

    /* U+0054 "T" */
    0x7f, 0xff, 0xc8, 0x6e, 0xe6, 0x1, 0x77, 0x99,
    0x22, 0x12, 0x5, 0x11, 0x10, 0x7, 0xff, 0xfc,
    0x3, 0xff, 0x86,

    /* U+0055 "U" */
    0x8f, 0x50, 0xd, 0x1e, 0x60, 0x1f, 0xff, 0xe,
    0x3, 0x0, 0xc2, 0x2, 0x41, 0xe0, 0x19, 0x40,
    0x94, 0x1c, 0x40, 0x8, 0x68, 0x3, 0x3, 0xf5,
    0x76, 0x8, 0x0, 0x3d, 0x12, 0xa9, 0x34, 0xc0,

    /* U+0056 "V" */
    0xe, 0xf1, 0x0, 0xd1, 0xea, 0xe, 0x8, 0x1,
    0x90, 0x10, 0x34, 0x3c, 0x2, 0x13, 0x30, 0x82,
    0xa, 0x0, 0x48, 0x16, 0x1, 0x20, 0x98, 0x3,
    0x1, 0x40, 0x2f, 0x4, 0x0, 0x39, 0x10, 0x2,
    0x50, 0xb0, 0x21, 0x50, 0xe, 0x43, 0x5, 0xb,
    0x0, 0xed, 0x4, 0xc1, 0x30, 0xe, 0x70, 0xd4,
    0x70, 0xf, 0x9, 0xb0, 0x60, 0x7, 0xd6, 0x0,
    0x50, 0x8,

    /* U+0057 "W" */
    0x8f, 0x50, 0xa, 0xfc, 0x80, 0x2f, 0xdd, 0x6,
    0x80, 0x48, 0x8, 0x0, 0x20, 0x77, 0x1, 0x80,
    0xc, 0x1, 0x80, 0x6, 0xc, 0x21, 0x50, 0x2,
    0xa, 0xa0, 0x0, 0xc1, 0x41, 0x44, 0x41, 0x8b,
    0x82, 0x20, 0xd0, 0x30, 0x30, 0x20, 0x43, 0x50,
    0x40, 0x72, 0x0, 0x68, 0x29, 0x86, 0x18, 0x60,
    0x13, 0x80, 0x1c, 0x3d, 0x41, 0x40, 0xd4, 0x83,
    0x40, 0x4, 0x25, 0xe4, 0x20, 0x86, 0xe0, 0x60,
    0x12, 0xa9, 0x10, 0x0, 0xc0, 0xe0, 0x50, 0x8,
    0xc4, 0xb0, 0x0, 0x80, 0x82, 0x20, 0xb, 0x40,
    0xe, 0x1, 0x18, 0x28, 0x0,

    /* U+0058 "X" */
    0x4f, 0xc0, 0x8, 0xbf, 0x1, 0x10, 0x68, 0x0,
    0xb0, 0x80, 0x4, 0x84, 0x1, 0x32, 0x20, 0x0,
    0x4a, 0x69, 0x61, 0x0, 0x1a, 0xc2, 0x59, 0x4c,
    0x3, 0xb, 0x10, 0x40, 0x7, 0x94, 0x0, 0x20,
    0x1c, 0x86, 0xe1, 0xe0, 0x1d, 0x23, 0xc, 0x6a,
    0x1, 0x31, 0x48, 0x40, 0x40, 0x5, 0x2, 0xe0,
    0x2e, 0x4e, 0xe, 0x32, 0x1, 0x48, 0x40, 0x80,

    /* U+0059 "Y" */
    0xc, 0xf2, 0x0, 0x93, 0xe8, 0x24, 0x2c, 0x2,
    0xf0, 0x80, 0x52, 0x60, 0x1, 0x22, 0x8, 0x1,
    0x60, 0xc1, 0x41, 0x0, 0x13, 0xd, 0x83, 0x21,
    0x80, 0x69, 0x2a, 0x1f, 0x0, 0xe7, 0x15, 0x34,
    0x0, 0xf3, 0x85, 0x0, 0x7c, 0x20, 0x60, 0x1f,
    0xfd, 0x50,

    /* U+005A "Z" */
    0xb, 0xff, 0xf7, 0x0, 0x35, 0xdf, 0x18, 0x20,
    0x1, 0xa2, 0x31, 0x5, 0x80, 0x7a, 0x46, 0x44,
    0x3, 0x8d, 0x8d, 0x80, 0x3d, 0xc1, 0xe0, 0x1e,
    0x72, 0x73, 0x0, 0xe2, 0x82, 0x80, 0xf, 0x48,
    0x48, 0x7, 0x95, 0x15, 0x0, 0x38, 0x6c, 0x1,
    0x11, 0xc0, 0x42, 0xa, 0xef, 0xc0,

    /* U+005B "[" */
    0x5f, 0xf8, 0x2, 0xff, 0x0, 0x7f, 0xfc, 0xfb,
    0x80, 0xbd, 0xfe, 0x0,

    /* U+005C "\\" */
    0x8b, 0x0, 0xec, 0x40, 0xe, 0x40, 0x40, 0xe,
    0x5d, 0x0, 0xec, 0x70, 0xe, 0x71, 0x20, 0xc,
    0x24, 0xa0, 0x1c, 0xb8, 0x1, 0xd6, 0x80, 0x1c,
    0x60, 0xa0, 0x1c, 0xb8, 0x1, 0xd8, 0xe0, 0x1c,
    0xe2, 0x40, 0x18, 0x4d, 0x40, 0x39, 0x2c, 0x3,
    0xaa, 0xc0,

    /* U+005D "]" */
    0x5f, 0xf8, 0x17, 0xe8, 0x3, 0xff, 0xe4, 0xbd,
    0x40, 0x5, 0xfe, 0xe0, 0x0,

    /* U+005E "^" */
    0x0, 0x37, 0xc0, 0x7, 0x50, 0x30, 0x6, 0x33,
    0x50, 0xa8, 0x5, 0x44, 0xa7, 0xc0, 0x13, 0x28,
    0x52, 0x8, 0x30, 0x50, 0x30, 0x48, 0x51, 0x90,
    0x1, 0x58, 0x0,

    /* U+005F "_" */
    0xcf, 0xff, 0xb3, 0x77, 0xf8,

    /* U+0060 "`" */
    0x0, 0xcf, 0xc2, 0x4, 0x3a, 0xb, 0x67, 0x40,
    0x97, 0xc0,

    /* U+0061 "a" */
    0x0, 0x3e, 0x7e, 0xc0, 0x2, 0x20, 0xee, 0x7,
    0x70, 0x4f, 0x5c, 0x60, 0x50, 0x8, 0x89, 0xa4,
    0x8, 0x7, 0x36, 0x84, 0x40, 0xc, 0x2c, 0xc4,
    0x98, 0x9, 0x10, 0xc0, 0x4c, 0x4, 0x47, 0x31,
    0xe2, 0x0, 0xd3, 0x64, 0xa6, 0x0,

    /* U+0062 "b" */
    0x9f, 0x30, 0xf, 0xfe, 0xbb, 0xd7, 0x6b, 0x80,
    0x6b, 0x67, 0x38, 0x80, 0x5, 0x19, 0x3e, 0xe,
    0x1, 0x20, 0x0, 0x50, 0x8, 0x3, 0xc2, 0x2,
    0x1, 0xe6, 0x2, 0x0, 0x38, 0x0, 0xcc, 0x42,
    0x0, 0xba, 0x9c, 0x9, 0x0, 0xe, 0x33, 0xe,
    0xd0, 0x0,

    /* U+0063 "c" */
    0x0, 0x15, 0x77, 0x28, 0x80, 0xb5, 0x51, 0xd1,
    0xc3, 0x82, 0xa9, 0x3c, 0xa0, 0x64, 0xa0, 0x18,
    0xc1, 0x80, 0x38, 0x81, 0x80, 0x38, 0x48, 0x88,
    0x1, 0xdc, 0x17, 0x53, 0xd2, 0x7, 0x88, 0x87,
    0x4b,

    /* U+0064 "d" */
    0x0, 0xf1, 0x7d, 0x80, 0x7f, 0xf4, 0x4f, 0x3f,
    0x10, 0x2, 0x3c, 0x35, 0x69, 0x0, 0xbc, 0x2e,
    0xa9, 0x80, 0x11, 0x92, 0x0, 0x4, 0x0, 0x40,
    0xc0, 0x1e, 0x30, 0x60, 0xf, 0x9, 0x10, 0xc0,
    0xe, 0x1, 0x40, 0x6c, 0xd5, 0x0, 0x25, 0xa3,
    0x61, 0xc2, 0x0,

    /* U+0065 "e" */
    0x0, 0x15, 0xf6, 0xc0, 0x4, 0x7a, 0xac, 0x8f,
    0x20, 0xf, 0xf, 0x89, 0x76, 0x10, 0x34, 0x10,
    0x6, 0x2, 0x98, 0x27, 0xfd, 0x60, 0x24, 0x7,
    0x99, 0xc8, 0x26, 0x61, 0x33, 0xc2, 0x1e, 0x19,
    0x2f, 0x54, 0x0, 0x1e, 0xab, 0xcb, 0x78, 0x0,

    /* U+0066 "f" */
    0x0, 0x26, 0xfe, 0x0, 0x54, 0x4d, 0x60, 0x3,
    0x15, 0x97, 0x0, 0x38, 0x10, 0x4, 0xf6, 0xf,
    0xe8, 0x8, 0xa0, 0x70, 0xc0, 0x7c, 0x8, 0xe4,
    0x1, 0xff, 0xdf,

    /* U+0067 "g" */
    0x0, 0x36, 0xff, 0xed, 0x0, 0x34, 0xd7, 0x38,
    0x34, 0x0, 0x28, 0x1c, 0x64, 0xd, 0x40, 0x2,
    0x20, 0xf, 0xca, 0x2c, 0x12, 0x18, 0x1, 0x40,
    0xcf, 0xbb, 0x98, 0x2, 0x90, 0xfd, 0xf8, 0x0,
    0xc6, 0x30, 0xae, 0xc6, 0x1, 0x48, 0x34, 0x42,
    0x72, 0x0, 0x1c, 0xdd, 0xfe, 0xc0, 0x70, 0x22,
    0x78, 0x4, 0x62, 0x40, 0x43, 0xe, 0x8b, 0x83,
    0x20, 0xc, 0x49, 0xb8, 0x6d, 0x40,

    /* U+0068 "h" */
    0x9f, 0x30, 0xf, 0xfe, 0xa4, 0x6f, 0x40, 0x5,
    0xaa, 0xe0, 0xea, 0x0, 0x7d, 0xab, 0xc, 0x0,
    0x50, 0x1, 0xc0, 0x80, 0x3f, 0xfb, 0x80,

    /* U+0069 "i" */
    0x8e, 0x32, 0x17, 0xae, 0x40, 0x10, 0x9f, 0x30,
    0xf, 0xfe, 0x60,

    /* U+006A "j" */
    0x0, 0x47, 0x18, 0x0, 0x85, 0xc0, 0x15, 0xc8,
    0x1, 0x8, 0x5, 0x3e, 0x60, 0x1f, 0xfe, 0x32,
    0x1, 0x49, 0x41, 0x2d, 0x62, 0xd0,

    /* U+006B "k" */
    0x9f, 0x30, 0xf, 0xfe, 0xd5, 0xfa, 0x80, 0x74,
    0x23, 0xa8, 0x6, 0x47, 0x48, 0x0, 0xcd, 0x43,
    0x60, 0x1d, 0x62, 0x24, 0x0, 0xe1, 0xb1, 0x90,
    0xe, 0x94, 0x82, 0x80, 0xc, 0xa0, 0xc6, 0xe4,
    0x1, 0xef, 0x9, 0x0,

    /* U+006C "l" */
    0x9f, 0x30, 0xf, 0xfe, 0xe8, 0x84, 0x5, 0x12,
    0x8,

    /* U+006D "m" */
    0x9f, 0x9, 0xec, 0x50, 0x6d, 0xe9, 0x0, 0xb5,
    0x10, 0x75, 0x48, 0x70, 0x66, 0x0, 0x13, 0x69,
    0xc1, 0xbe, 0xb4, 0x34, 0x1, 0x40, 0xd, 0x4,
    0x10, 0x30, 0x70, 0xf, 0xff, 0xa8,

    /* U+006E "n" */
    0x9f, 0x8, 0xde, 0x80, 0xb, 0x55, 0xc1, 0xd4,
    0x0, 0x9b, 0x56, 0x18, 0x0, 0xa0, 0x3, 0x81,
    0x0, 0x7f, 0xf7, 0x0,

    /* U+006F "o" */
    0x0, 0x15, 0xf7, 0x24, 0x40, 0x23, 0xd4, 0x74,
    0x6f, 0x10, 0x7, 0x86, 0x4d, 0x48, 0xc0, 0x0,
    0xce, 0x0, 0x30, 0x38, 0x18, 0x38, 0x6, 0x21,
    0x3, 0x7, 0x0, 0xc4, 0x20, 0x3, 0x38, 0x0,
    0xc0, 0xe0, 0xf, 0xc, 0x9a, 0x91, 0x80, 0x1,
    0xea, 0x3a, 0x2f, 0x88, 0x0,

    /* U+0070 "p" */
    0x9f, 0x2a, 0xed, 0x70, 0xd, 0xac, 0xe7, 0x10,
    0x0, 0xa3, 0x27, 0xc1, 0xc0, 0x24, 0x0, 0xa,
    0x1, 0x0, 0x78, 0x40, 0x40, 0x3c, 0xc0, 0x40,
    0x7, 0x0, 0x19, 0x88, 0x40, 0x17, 0x53, 0x81,
    0x20, 0x14, 0xb3, 0xe, 0xd0, 0x2, 0x5c, 0xfc,
    0x40, 0xf, 0xfe, 0x88,

    /* U+0071 "q" */
    0x0, 0x1e, 0x7e, 0xbe, 0xd8, 0x1e, 0x14, 0xdd,
    0x10, 0x3, 0xc3, 0x19, 0x9e, 0x1, 0x19, 0x10,
    0x3, 0x88, 0x18, 0x3, 0xc6, 0xc, 0x1, 0xe1,
    0x22, 0x18, 0x1, 0xc0, 0x28, 0xd, 0x9a, 0xa0,
    0x4, 0xb4, 0x6c, 0x36, 0x1, 0x97, 0x7e, 0xd8,
    0x3, 0xff, 0xa2,

    /* U+0072 "r" */
    0x9e, 0x9, 0xe6, 0x1, 0xa6, 0x55, 0x0, 0x1b,
    0xec, 0xc0, 0x10, 0x1, 0xce, 0x1, 0xff, 0xcf,

    /* U+0073 "s" */
    0x1, 0xae, 0xe5, 0x98, 0x3, 0x55, 0xe5, 0xa8,
    0x0, 0x66, 0x97, 0xd9, 0x0, 0x21, 0xc9, 0x80,
    0x6b, 0x76, 0xcb, 0x20, 0xa, 0x3e, 0x13, 0xc0,
    0x4, 0x0, 0x74, 0x21, 0x4d, 0xb7, 0x94, 0x31,
    0x49, 0x78, 0x75, 0xd0,

    /* U+0074 "t" */
    0x0, 0x3a, 0x0, 0x61, 0x8c, 0x0, 0xc6, 0x1,
    0xd3, 0xa0, 0xff, 0x81, 0xaa, 0x9, 0x14, 0x9,
    0xc0, 0x6e, 0xc0, 0x1f, 0xfc, 0xd2, 0x0, 0xca,
    0xb, 0x2e, 0x0, 0x1a, 0x26, 0xb0,

    /* U+0075 "u" */
    0xbf, 0x10, 0x2, 0x7c, 0x0, 0x7f, 0xf5, 0x8c,
    0x3, 0x88, 0x18, 0x1, 0xc0, 0xc, 0xa, 0xa6,
    0xb0, 0x1, 0x5c, 0x1d, 0x70, 0x0,

    /* U+0076 "v" */
    0xaf, 0x30, 0x9, 0xfd, 0x78, 0x2c, 0x2, 0xb0,
    0x54, 0x15, 0x0, 0x9, 0xa8, 0x1, 0xc8, 0x80,
    0xe1, 0xc0, 0xa, 0x5, 0xd, 0x4, 0x0, 0x18,
    0xd8, 0x22, 0x80, 0x66, 0x35, 0xe, 0x0, 0xd6,
    0x16, 0x28, 0x1, 0x8c, 0x85, 0xc0, 0x20,

    /* U+0077 "w" */
    0x6f, 0x60, 0x2, 0x7d, 0x0, 0x5f, 0x48, 0x18,
    0x0, 0xc0, 0x40, 0x2, 0x6, 0x10, 0xa0, 0x1,
    0x54, 0x24, 0x6, 0x8, 0x8, 0x23, 0x17, 0x2,
    0x6, 0x9, 0x6, 0x2, 0x20, 0x10, 0xf0, 0x11,
    0x0, 0x7, 0xc, 0xc1, 0x82, 0x20, 0x83, 0x0,
    0x2, 0x4a, 0xa4, 0xc, 0x1a, 0x4, 0x0, 0x90,
    0xcd, 0x80, 0x80, 0xc2, 0x40, 0x16, 0x0, 0x14,
    0x0, 0x62, 0x80, 0x0,

    /* U+0078 "x" */
    0x3f, 0xb0, 0x1, 0xfd, 0x1, 0xaa, 0x20, 0x20,
    0x20, 0x1, 0x63, 0x26, 0x8e, 0x40, 0x1, 0x82,
    0xd1, 0x80, 0xc, 0xe0, 0x32, 0x1, 0xd6, 0x3,
    0x20, 0x18, 0xd5, 0xec, 0x64, 0x2, 0xe1, 0x85,
    0x46, 0x30, 0x72, 0x90, 0x4, 0x87, 0x0,

    /* U+0079 "y" */
    0x9f, 0x40, 0x9, 0xfd, 0x68, 0x34, 0x2, 0xc0,
    0x53, 0x27, 0x0, 0x91, 0x40, 0x14, 0x28, 0xa,
    0x1e, 0x0, 0x60, 0xe0, 0xf0, 0x50, 0x0, 0xa2,
    0x82, 0x28, 0x6, 0xe0, 0x61, 0xf0, 0xc, 0xa3,
    0x20, 0xa0, 0x1c, 0xc0, 0xa0, 0x1e, 0xe0, 0xf0,
    0xf, 0x58, 0xa8, 0x6, 0x8d, 0x28, 0x0, 0xc4,
    0xe1, 0x2c, 0x1, 0x80,

    /* U+007A "z" */
    0xe, 0xff, 0xe3, 0x8, 0x89, 0x80, 0x8c, 0x19,
    0xdc, 0x41, 0xc0, 0x19, 0x91, 0x8c, 0x2, 0x19,
    0x29, 0x0, 0xd4, 0x12, 0x1, 0x99, 0x19, 0x0,
    0x21, 0x90, 0x17, 0x78, 0x9c, 0x0, 0xf1, 0x12,
    0x0,

    /* U+007B "{" */
    0x0, 0x37, 0x78, 0x5, 0xb, 0xc0, 0x10, 0xe0,
    0x80, 0x7f, 0xf, 0x80, 0x7f, 0x18, 0xf0, 0x1,
    0xb1, 0x18, 0x0, 0xf2, 0x88, 0x0, 0xb, 0xe,
    0x0, 0x7f, 0x87, 0xc0, 0x3f, 0xc3, 0x80, 0x1a,
    0x53, 0xc0, 0x27, 0xfe, 0x0,

    /* U+007C "|" */
    0x5d, 0x0, 0xff, 0xeb, 0x0,

    /* U+007D "}" */
    0x5f, 0xd2, 0x0, 0x2e, 0x95, 0x80, 0x44, 0x50,
    0x7, 0x8, 0x7, 0x18, 0x7, 0xf9, 0x90, 0x40,
    0x2a, 0x3e, 0x10, 0x5, 0x85, 0x88, 0x1, 0xdc,
    0x80, 0x1f, 0xe3, 0x0, 0xc2, 0x20, 0x8, 0x48,
    0x80, 0x5, 0xe0, 0xa0, 0x2, 0xf7, 0xc, 0x0,

    /* U+007E "~" */
    0x0, 0xff, 0x47, 0x72, 0x90, 0xa4, 0x84, 0xbf,
    0xc1, 0x7a, 0x44, 0x1a, 0x11, 0x56, 0xea, 0xc0,

    /* U+2500 "─" */
    0x99, 0xff, 0xea, 0x0,

    /* U+2502 "│" */
    0x0, 0xc, 0x0, 0x7f, 0xf4, 0x80,

    /* U+250C "┌" */
    0x9, 0x9f, 0xc4, 0x22, 0x99, 0xf8, 0x80, 0x3f,
    0xfe, 0x3a, 0x1, 0xf8,

    /* U+2510 "┐" */
    0x79, 0x9f, 0x95, 0xe6, 0x7d, 0x1a, 0x1, 0xff,
    0xf2, 0xd0,

    /* U+2514 "└" */
    0x2, 0x0, 0xfc, 0x34, 0x1, 0xff, 0xf9, 0x59,
    0x9f, 0x88, 0x76, 0x67, 0xe2,

    /* U+2518 "┘" */
    0x0, 0xfc, 0x40, 0x1f, 0xd, 0x0, 0x7f, 0xfa,
    0x9e, 0x67, 0xd6, 0xf, 0x33, 0xea, 0x80,

    /* U+251C "├" */
    0x0, 0xff, 0xc, 0x0, 0x7f, 0xfe, 0x4d, 0x57,
    0xe1, 0x1, 0x1f, 0xe0, 0x24, 0x4f, 0x80, 0x3f,
    0xfe, 0x20,

    /* U+2524 "┤" */
    0x0, 0xff, 0xe2, 0xc, 0x0, 0x7f, 0xfa, 0x91,
    0x57, 0xce, 0xe, 0x23, 0xe3, 0x3, 0x44, 0xf8,
    0x3, 0xff, 0xd6,

    /* U+252C "┬" */
    0x99, 0xff, 0xe5, 0xe6, 0x26, 0x7e, 0x0, 0xf8,
    0x44, 0x1, 0xff, 0xff, 0x0, 0xff, 0xe3, 0xbb,
    0x80, 0x3e,

    /* U+2534 "┴" */
    0x0, 0xf8, 0x44, 0x1, 0xff, 0xc2, 0x55, 0x0,
    0x7f, 0xff, 0xc0, 0x3f, 0xfa, 0x13, 0x3f, 0x7f,
    0xa6, 0x7f, 0xf8, 0x57, 0x69, 0x9f, 0x80,

    /* U+3002 "。" */
    0x3, 0xce, 0x80, 0x6, 0xd6, 0x1b, 0x91, 0xb1,
    0x7e, 0x11, 0xa0, 0xf1, 0x86, 0xcf, 0x4, 0x0,

    /* U+3010 "【" */
    0x0, 0xf4, 0xff, 0xd8, 0x1, 0x8b, 0x0, 0x34,
    0x80, 0x63, 0x40, 0xd, 0x60, 0x1c, 0x60, 0x1c,
    0xc0, 0x1f, 0xf3, 0x0, 0x71, 0x80, 0x75, 0x0,
    0x71, 0x20, 0x7, 0x48, 0x7, 0x16, 0x0,

    /* U+3011 "】" */
    0xc, 0xff, 0xa4, 0x30, 0x40, 0x3a, 0x80, 0x39,
    0x8, 0x3, 0xa8, 0x3, 0x8c, 0x3, 0x98, 0x3,
    0xfe, 0x60, 0xe, 0x30, 0xe, 0xa0, 0xc, 0x84,
    0x1, 0xa4, 0x3, 0x61, 0x0, 0x6c, 0xff, 0xa4,

    /* U+4E00 "一" */
    0x0, 0xff, 0xe2, 0xf, 0xff, 0xff, 0x9, 0xc5,
    0x9b, 0xff, 0x84, 0x60,

    /* U+4E0A "上" */
    0x0, 0xf2, 0x7a, 0x0, 0x7f, 0xfc, 0xf5, 0xdf,
    0x80, 0x3f, 0xcd, 0x11, 0xc0, 0x1f, 0xea, 0xff,
    0xe0, 0xf, 0xf0, 0x80, 0x7f, 0xfc, 0x44, 0x3,
    0xf8, 0xbf, 0xfa, 0x82, 0xff, 0xfc, 0x47, 0x11,
    0xff, 0xc2, 0x30,

    /* U+4E0B "下" */
    0x7, 0x7f, 0xfe, 0x10, 0x2, 0x23, 0xff, 0x84,
    0x21, 0xff, 0xda, 0x11, 0xff, 0xe1, 0x0, 0xf1,
    0x80, 0x7f, 0xf1, 0x70, 0x80, 0x3f, 0xf8, 0x49,
    0xb4, 0x40, 0x1f, 0xfc, 0x7, 0x65, 0xd8, 0x0,
    0xff, 0xbe, 0x70, 0xdf, 0x44, 0x3, 0xfe, 0x3c,
    0x87, 0x10, 0xf, 0xfe, 0xb, 0xd0, 0x7, 0xff,
    0xd8,

    /* U+4E0D "不" */
    0x7, 0x7f, 0xfe, 0xa, 0x80, 0x26, 0x23, 0xff,
    0x81, 0x20, 0xe, 0xff, 0xe7, 0x8, 0xff, 0xd8,
    0x1, 0xf1, 0xb9, 0x38, 0x7, 0xfc, 0x5a, 0xc,
    0x64, 0x1, 0xfc, 0x3e, 0x20, 0xfd, 0xac, 0x1,
    0xf1, 0xf9, 0x58, 0xbe, 0x24, 0xd8, 0x80, 0x67,
    0xc0, 0xc4, 0x0, 0xd, 0xc2, 0x61, 0x1, 0x6c,
    0x26, 0x18, 0x7, 0x3d, 0x16, 0x9, 0x3c, 0xd9,
    0x0, 0x7c, 0xb7, 0x2, 0x14, 0xc0, 0x1f, 0xe4,
    0x60, 0xf, 0xff, 0x28,

    /* U+4E0E "与" */
    0x0, 0xff, 0xe3, 0xfc, 0x0, 0x7f, 0xf0, 0x8,
    0x5, 0x57, 0xf0, 0x6, 0x70, 0x6a, 0xaf, 0xc0,
    0x1b, 0x43, 0xbb, 0xf8, 0x3, 0x21, 0x88, 0xff,
    0x0, 0x63, 0x75, 0x5f, 0xe1, 0x0, 0x18, 0x25,
    0x57, 0xf1, 0x0, 0xf, 0xff, 0xfa, 0x40, 0x40,
    0x3f, 0xf8, 0x2, 0x4, 0x1f, 0xff, 0xd8, 0x1a,
    0x20, 0x9, 0x9f, 0xf0, 0x3a, 0x80, 0x19, 0xbf,
    0x94, 0x48, 0xc0, 0x3f, 0x13, 0xbd, 0xa1, 0x40,
    0x1f, 0x8e, 0x22, 0x29, 0x20, 0xf, 0xc3, 0xff,
    0x73, 0x0, 0x0,

    /* U+4E14 "且" */
    0x0, 0xab, 0xff, 0xf7, 0x0, 0x7c, 0x33, 0x3e,
    0x30, 0xf, 0xc6, 0xcd, 0xf0, 0x7, 0xff, 0x30,
    0xdd, 0xfc, 0xc0, 0x1f, 0x86, 0x67, 0xc6, 0x1,
    0xf8, 0xbb, 0xbc, 0xa0, 0x1f, 0xfc, 0xc2, 0xff,
    0xf2, 0x80, 0x7e, 0x18, 0x8f, 0x10, 0x7, 0xe3,
    0x77, 0xf8, 0x3, 0xff, 0x90, 0x3f, 0xe5, 0x2f,
    0xff, 0x28, 0xff, 0x84, 0x51, 0x1f, 0xfc, 0x21,

    /* U+4E22 "丢" */
    0x0, 0xff, 0x85, 0x0, 0x30, 0xab, 0x31, 0xe2,
    0x6f, 0x7b, 0x97, 0x40, 0x1a, 0xa6, 0x50, 0xcc,
    0x57, 0x69, 0xca, 0x0, 0x87, 0xff, 0x71, 0xad,
    0x43, 0x18, 0x7, 0x2b, 0x36, 0x16, 0x6e, 0x50,
    0xd, 0xd3, 0x38, 0x89, 0x33, 0xb8, 0x3, 0x5f,
    0xfe, 0x34, 0xff, 0xd6, 0x1, 0x19, 0xf8, 0x5c,
    0xcf, 0xc0, 0xc, 0xcf, 0x11, 0xe6, 0x78, 0x1,
    0xbb, 0x98, 0x23, 0x76, 0xcd, 0xd8, 0x0, 0x45,
    0xb, 0x23, 0x91, 0x23, 0x88, 0xa0, 0xc, 0x5a,
    0x54, 0x1, 0x49, 0x58, 0x7, 0x1e, 0x4, 0xaa,
    0x99, 0xec, 0x91, 0xc0, 0x21, 0xc1, 0x15, 0xda,
    0xa6, 0x91, 0x8a, 0x8, 0x0, 0x31, 0x37, 0x9d,
    0xfe, 0xdc, 0xbf, 0x5, 0x0, 0x9d, 0x90, 0xc4,
    0x3, 0x8b, 0xdc, 0x0,

    /* U+4E25 "严" */
    0x1, 0xff, 0xff, 0xe0, 0x50, 0xd, 0xc5, 0xc8,
    0x3d, 0x8a, 0x5c, 0x54, 0x80, 0x50, 0xe8, 0x18,
    0x80, 0x49, 0x70, 0x60, 0x4, 0x29, 0x0, 0xf1,
    0x9a, 0x0, 0x35, 0x28, 0x7, 0xa4, 0xd4, 0x2,
    0x50, 0x85, 0xc, 0x50, 0x2d, 0x45, 0x50, 0x2,
    0xa2, 0x20, 0x7a, 0x14, 0x87, 0xab, 0x0, 0xa3,
    0xff, 0xfd, 0xc0, 0x10, 0x80, 0x7f, 0xf0, 0x8,
    0xc, 0x3, 0xff, 0x80, 0x20, 0xc0, 0x1f, 0xfc,
    0x4, 0x2, 0x0, 0xff, 0xe0, 0x51, 0x88, 0x7,
    0xfc, 0x27, 0x0, 0x1f, 0xfc, 0x1, 0xf4, 0x0,
    0xff, 0xe0, 0x0,

    /* U+4E2A "个" */
    0x0, 0xf8, 0xd8, 0x3, 0xff, 0x82, 0x3b, 0x0,
    0x1f, 0xfc, 0x1d, 0x11, 0x48, 0x7, 0xf8, 0x70,
    0xee, 0x1a, 0x80, 0x3f, 0x27, 0x9e, 0x23, 0xc2,
    0xe9, 0x80, 0x62, 0xab, 0xc, 0x3b, 0x77, 0x51,
    0x64, 0x88, 0x26, 0xab, 0x71, 0x82, 0xf0, 0x2f,
    0x23, 0x70, 0xa3, 0xec, 0x80, 0x7c, 0x37, 0x50,
    0x21, 0x4, 0x1, 0xfe, 0x57, 0x0, 0xff, 0xff,
    0x80, 0x7f, 0xf2, 0x80,

    /* U+4E2D "中" */
    0x0, 0xf7, 0x48, 0x7, 0xff, 0x20, 0xdd, 0xf8,
    0x55, 0xdf, 0x85, 0x22, 0x38, 0xe, 0x23, 0x8c,
    0x1, 0xff, 0x85, 0xbf, 0xe9, 0x0, 0xff, 0xea,
    0x2a, 0x24, 0x24, 0x89, 0x78, 0x6, 0xab, 0xb8,
    0x12, 0xee, 0x60, 0xd, 0x9b, 0xb0, 0xae, 0xed,
    0x0, 0x6, 0xc3, 0x22, 0x80, 0xc8, 0xa7, 0xd2,
    0x13, 0x0, 0xff, 0x10, 0x7, 0xff, 0x44,

    /* U+4E3A "为" */
    0x0, 0xb, 0x88, 0x47, 0x80, 0x7f, 0xa6, 0x80,
    0x3f, 0xf8, 0x3, 0x4a, 0x62, 0x20, 0xf, 0xcb,
    0x18, 0xd6, 0xa3, 0x11, 0xe3, 0xc, 0x77, 0xc6,
    0xe, 0xfe, 0x40, 0x9f, 0xfc, 0x2b, 0xff, 0xb4,
    0x4, 0x3, 0x88, 0x70, 0x44, 0x0, 0x10, 0x30,
    0xe, 0xa0, 0x4c, 0xd0, 0x3, 0x80, 0x80, 0x73,
    0x21, 0x71, 0xc8, 0x8, 0x38, 0x6, 0x91, 0xf0,
    0x37, 0x40, 0x30, 0x10, 0x9, 0x59, 0x88, 0x0,
    0x8d, 0xe, 0x3, 0x0, 0x35, 0x14, 0x80, 0x78,
    0xc4, 0x41, 0x52, 0x98, 0x1, 0xa2, 0x12, 0x8a,
    0x0, 0xf6, 0xb1, 0x0, 0xc6, 0xec, 0x72, 0x0,
    0x59, 0x0, 0xf5, 0xff, 0xb0, 0x80,

    /* U+4E3B "主" */
    0x0, 0xf0, 0x88, 0x3, 0xff, 0x85, 0x9e, 0x80,
    0x1f, 0xfc, 0x1c, 0x2b, 0x60, 0xf, 0x85, 0x57,
    0x25, 0xd, 0x2a, 0xe1, 0x0, 0x25, 0x57, 0x48,
    0x9d, 0x56, 0x40, 0x2, 0xf7, 0x71, 0x13, 0xbb,
    0x94, 0x2, 0x11, 0xff, 0xe0, 0x0, 0x7f, 0xf2,
    0x11, 0xdf, 0x11, 0x1d, 0xf2, 0x0, 0x6c, 0x88,
    0xc2, 0x28, 0x8d, 0xa0, 0x1a, 0x3f, 0xf1, 0x9b,
    0xff, 0x48, 0x7, 0xff, 0x5f, 0xff, 0xc6, 0x6f,
    0xff, 0x8, 0x44, 0x7f, 0xf0, 0x84,

    /* U+4E8C "二" */
    0x0, 0xff, 0xe3, 0x5f, 0xff, 0xfa, 0xc0, 0x36,
    0xb3, 0x7f, 0xb4, 0x3, 0x34, 0xcf, 0xf9, 0x80,
    0x3f, 0xff, 0xe0, 0x1f, 0xfc, 0xcf, 0xff, 0xfe,
    0x10, 0x1, 0x13, 0xff, 0x84, 0x0,

    /* U+4E8E "于" */
    0x0, 0x2a, 0xff, 0xf0, 0x0, 0x35, 0x57, 0xff,
    0x0, 0x3, 0x6e, 0xf2, 0x86, 0xef, 0x0, 0x62,
    0x2e, 0x31, 0x22, 0xe0, 0xf, 0xfe, 0x39, 0x17,
    0xc2, 0x45, 0xe0, 0x1d, 0xdf, 0x20, 0x6e, 0xf8,
    0x45, 0x77, 0xe4, 0xb, 0xbf, 0x8, 0x22, 0x78,
    0x85, 0x13, 0xc0, 0x1f, 0xfe, 0x97, 0x88, 0x21,
    0x80, 0x7f, 0xde, 0xee, 0x8, 0x0, 0xff, 0xa3,
    0xfd, 0xaa, 0x1, 0xf0,

    /* U+4EA4 "交" */
    0x0, 0xf0, 0xb0, 0x80, 0x7f, 0xf0, 0x4e, 0x60,
    0x3, 0xf2, 0x27, 0x31, 0xb2, 0xa2, 0x70, 0x2,
    0xae, 0xf8, 0xc2, 0xae, 0xf4, 0x80, 0x33, 0x75,
    0x73, 0xbb, 0xa6, 0xf7, 0x58, 0x0, 0x22, 0x5,
    0x59, 0x91, 0xe, 0xec, 0xe4, 0x20, 0x12, 0xe0,
    0x78, 0x80, 0x7, 0x12, 0xa0, 0x2, 0x8a, 0x2a,
    0xb0, 0xd, 0x7c, 0xcf, 0x20, 0xa, 0x8c, 0x66,
    0x80, 0xc, 0xa3, 0x31, 0x40, 0x2, 0x70, 0x26,
    0x82, 0x24, 0x1a, 0x3, 0x98, 0x7, 0xa4, 0xff,
    0xc1, 0xa0, 0x1f, 0xf5, 0x91, 0x24, 0x40, 0x3f,
    0x8e, 0xe4, 0xcd, 0x16, 0x60, 0x1c, 0x91, 0xb8,
    0xb3, 0x98, 0x95, 0xcd, 0x95, 0x0, 0x43, 0xb5,
    0x73, 0x0, 0x1b, 0xa9, 0xdd, 0x20, 0xd, 0xfb,
    0x50, 0xf, 0x2d, 0x76, 0x0,

    /* U+4EA7 "产" */
    0x0, 0xf8, 0x44, 0x1, 0xff, 0xc1, 0xfd, 0x0,
    0xfc, 0xef, 0xca, 0x72, 0xef, 0x90, 0x6, 0x23,
    0x90, 0x1a, 0x23, 0x68, 0xf, 0xfa, 0x8b, 0xbf,
    0xed, 0x3b, 0xf9, 0x0, 0xc8, 0x76, 0x1, 0x41,
    0x28, 0x6, 0x67, 0x62, 0x17, 0x79, 0x54, 0xce,
    0xc0, 0x8, 0x88, 0xd2, 0x22, 0x4, 0x88, 0x58,
    0x4, 0xbf, 0xff, 0xed, 0x0, 0x9, 0x80, 0x7f,
    0xf0, 0x84, 0x3, 0xff, 0x80, 0x41, 0xc0, 0x1f,
    0xfc, 0x4, 0x5, 0x0, 0xff, 0xe0, 0x50, 0x98,
    0x7, 0xfc, 0x25, 0x20, 0x1f, 0xfc, 0x1, 0xf7,
    0x0, 0xff, 0xe0, 0x0,

    /* U+4EC5 "仅" */
    0x0, 0xc8, 0x60, 0x1f, 0xfc, 0x2a, 0x80, 0xf,
    0xfe, 0xb, 0x8f, 0x77, 0xef, 0x70, 0x8, 0x60,
    0xd5, 0x41, 0x11, 0xa4, 0x4, 0x2, 0xb0, 0xa0,
    0xe1, 0x76, 0x68, 0x81, 0x40, 0xc, 0xa0, 0x12,
    0x83, 0x80, 0x5e, 0x26, 0x9, 0x22, 0x1, 0x93,
    0x40, 0x25, 0x70, 0x3, 0xe, 0x80, 0x6d, 0x42,
    0x7, 0xa, 0x0, 0x17, 0x90, 0x6, 0x62, 0x91,
    0x84, 0x30, 0x8, 0x40, 0x3d, 0x9, 0xa1, 0x20,
    0x1f, 0xf2, 0x91, 0xb9, 0x0, 0x7f, 0xce, 0x40,
    0xa4, 0x1, 0xfc, 0x35, 0xd, 0x87, 0x8a, 0x1,
    0xf4, 0x72, 0xc4, 0x9e, 0x15, 0x61, 0x80, 0x70,
    0xb7, 0x38, 0x0, 0xb2, 0x9c, 0x80, 0x3, 0xed,
    0x32, 0x10, 0xe, 0x5b, 0x10,

    /* U+4ED4 "仔" */
    0x0, 0xc8, 0x1, 0xff, 0xc2, 0x4b, 0x44, 0xfc,
    0xa2, 0x1, 0xbc, 0x92, 0xef, 0xea, 0xa0, 0x4,
    0x49, 0x61, 0xdd, 0xd4, 0x7, 0x40, 0x17, 0x3,
    0x0, 0x8e, 0x9a, 0x4c, 0x10, 0x3, 0x98, 0x80,
    0x73, 0x3c, 0x58, 0x4, 0x70, 0x1, 0xf0, 0x83,
    0x80, 0x61, 0x12, 0x80, 0x19, 0xde, 0xc0, 0x77,
    0xc4, 0x4f, 0xd0, 0x4, 0x46, 0x40, 0x88, 0xce,
    0x2, 0x1, 0x77, 0xfd, 0x1, 0xff, 0x94, 0x3,
    0xff, 0xd4, 0x51, 0xa, 0x0, 0xff, 0xe0, 0x13,
    0x30, 0x24, 0x3, 0x80,

    /* U+4EE5 "以" */
    0x0, 0xff, 0xe2, 0x24, 0x0, 0x7c, 0x3e, 0xe0,
    0x16, 0x38, 0x86, 0x48, 0x4, 0x60, 0x20, 0x1f,
    0x5b, 0x28, 0x0, 0x40, 0xc0, 0x3e, 0x73, 0xb0,
    0x3, 0x3, 0x0, 0x7e, 0x81, 0x40, 0x20, 0x20,
    0xf, 0xc9, 0xc8, 0x18, 0x22, 0x0, 0xfe, 0x10,
    0x2, 0x20, 0x3, 0xff, 0x80, 0x81, 0x80, 0x1f,
    0x9e, 0x0, 0x1c, 0xe, 0x1, 0xe8, 0xe8, 0x0,
    0x1a, 0x82, 0x0, 0x65, 0x6, 0x4d, 0x81, 0xd1,
    0x4a, 0x50, 0x3, 0x12, 0x6d, 0x11, 0xf8, 0xe5,
    0x9d, 0x20, 0x35, 0xd8, 0x86, 0xb0, 0x2c, 0x83,
    0x46, 0x88, 0x10, 0x0, 0x22, 0x6e, 0x40, 0x0,
    0xea, 0x10, 0x7, 0x5c, 0x80, 0x71, 0xd0, 0x0,

    /* U+4EF6 "件" */
    0x0, 0xff, 0xe3, 0x97, 0xa0, 0xa0, 0x3f, 0x80,
    0x7e, 0x81, 0x46, 0xb1, 0x0, 0xfe, 0x25, 0x90,
    0xc2, 0x27, 0x1, 0x9c, 0x40, 0x14, 0x3, 0x82,
    0x16, 0x30, 0x66, 0x54, 0x0, 0x55, 0x0, 0x1c,
    0x2f, 0x18, 0x33, 0x29, 0x3, 0xa0, 0xa, 0x55,
    0xf, 0x80, 0xce, 0x10, 0x11, 0x38, 0x3, 0x20,
    0x3, 0xf8, 0xbf, 0x80, 0xa, 0xa7, 0x76, 0x3,
    0xbe, 0x10, 0x10, 0xa, 0x62, 0x24, 0x8, 0x8c,
    0x40, 0x1d, 0xdf, 0xf4, 0x7, 0xfe, 0x30, 0xf,
    0xff, 0xb3, 0x78, 0x7, 0x3f, 0x80, 0x70,

    /* U+4EFB "任" */
    0x0, 0xff, 0xe4, 0x66, 0x0, 0x39, 0x23, 0x4,
    0x3, 0x21, 0xa2, 0xbd, 0x6f, 0xdb, 0xb9, 0x0,
    0x34, 0x8e, 0xd4, 0x88, 0x82, 0xfe, 0xd4, 0x2,
    0x62, 0x95, 0xfe, 0xbb, 0x2, 0x0, 0x71, 0x48,
    0x8, 0x7, 0xfc, 0x38, 0x1, 0xff, 0xc2, 0x71,
    0x90, 0x3, 0xbe, 0xc0, 0x87, 0x78, 0x9a, 0x9c,
    0x1, 0x33, 0x90, 0x1e, 0x66, 0x60, 0x50, 0xb,
    0xbb, 0x40, 0x7f, 0x74, 0x80, 0x1f, 0xfe, 0x95,
    0xff, 0xa0, 0x3f, 0xf0, 0x80, 0x73, 0xc4, 0x7f,
    0x8,

    /* U+4F1A "会" */
    0x0, 0xfc, 0x40, 0x1f, 0xfc, 0x27, 0xd5, 0x0,
    0xff, 0xe0, 0x34, 0x7, 0x80, 0x7f, 0xd3, 0x26,
    0xc4, 0xd3, 0x0, 0xf9, 0xb9, 0xa6, 0x47, 0x83,
    0x94, 0x40, 0x12, 0xec, 0x8a, 0x83, 0x31, 0x2c,
    0x57, 0x6c, 0x83, 0x8e, 0x1d, 0x66, 0x74, 0xf,
    0x32, 0x80, 0x2f, 0x9e, 0x3f, 0xfe, 0x19, 0xe2,
    0x2, 0x77, 0xff, 0xe0, 0x30, 0x1, 0xa2, 0x3f,
    0xf8, 0x14, 0x0, 0x4f, 0xf9, 0xc2, 0x3f, 0xd7,
    0x5f, 0xec, 0x0, 0xe6, 0x76, 0x70, 0x6, 0xd2,
    0x80, 0x79, 0xa5, 0x64, 0x4, 0xa8, 0xa9, 0x40,
    0x33, 0xc8, 0x27, 0xfb, 0xb7, 0x8, 0x28, 0x80,
    0x22, 0x35, 0x78, 0x9a, 0xcd, 0xee, 0x2, 0x80,
    0x4b, 0x95, 0x2e, 0xca, 0x64, 0x22, 0xe7, 0x0,

    /* U+4F55 "何" */
    0x0, 0xc8, 0x1, 0xff, 0xc2, 0x5b, 0x20, 0xf,
    0xfe, 0xc, 0x9c, 0x7f, 0xff, 0x10, 0x0, 0xcd,
    0x7f, 0x11, 0xe5, 0x7, 0x30, 0x7, 0x82, 0x2b,
    0xbf, 0xb0, 0x24, 0x41, 0x8c, 0x0, 0x2a, 0xb9,
    0x0, 0x38, 0xa4, 0x2, 0x4a, 0xad, 0x0, 0x1c,
    0x65, 0x20, 0x1b, 0xbd, 0x80, 0x3c, 0x3a, 0x40,
    0x1f, 0xfc, 0x85, 0x32, 0x0, 0xff, 0xe0, 0xde,
    0x20, 0x7, 0xff, 0x7, 0x7b, 0x98, 0x1, 0xfe,
    0x4a, 0x21, 0x10, 0x7, 0xfc, 0x2a, 0x0, 0x37,
    0x76, 0x80, 0x80, 0x7f, 0x86, 0x20, 0xb0, 0x1,
    0x93, 0xcc, 0x3, 0x17, 0xfb, 0x9c, 0x0,

    /* U+4F7F "使" */
    0x0, 0xc2, 0x1, 0xff, 0xc2, 0x2e, 0x50, 0xa,
    0xec, 0x1, 0xfa, 0x6, 0xff, 0xe4, 0x47, 0xfe,
    0x20, 0x1, 0xac, 0x5c, 0xcc, 0x44, 0x99, 0xc6,
    0x0, 0xf0, 0x45, 0x66, 0xc2, 0xcd, 0x84, 0x24,
    0xc0, 0x11, 0xff, 0x21, 0xff, 0xd6, 0xc, 0xc3,
    0x0, 0x87, 0x30, 0x66, 0xcc, 0x18, 0x1, 0x1a,
    0x0, 0x23, 0x39, 0xdc, 0x66, 0x70, 0x1, 0x48,
    0x6, 0x2f, 0xf2, 0x23, 0xfc, 0x80, 0x1f, 0x5b,
    0x5d, 0x85, 0x2e, 0xe8, 0x0, 0xf1, 0x3e, 0xb0,
    0xea, 0x24, 0x60, 0x1e, 0x1c, 0x6c, 0x6, 0x0,
    0xff, 0x89, 0x4, 0x20, 0x80, 0x3f, 0x34, 0xf2,
    0x4c, 0x36, 0xea, 0xa0, 0x40, 0x33, 0xab, 0x73,
    0x3f, 0x5a, 0x89, 0x88,

    /* U+4FDD "保" */
    0x0, 0xd0, 0x60, 0x1f, 0xfc, 0x14, 0x76, 0xef,
    0xff, 0x98, 0x3, 0x41, 0x28, 0x2d, 0xde, 0xa0,
    0xe, 0x43, 0xb0, 0x6, 0xa2, 0x70, 0x7, 0x48,
    0x20, 0x7, 0xff, 0x2, 0x88, 0x3, 0x47, 0xfe,
    0xe0, 0x9, 0x94, 0xc0, 0x2b, 0xaa, 0x20, 0x55,
    0x48, 0xe, 0xb0, 0x1, 0x2a, 0xc6, 0x2a, 0xb1,
    0x0, 0xd0, 0x5, 0xff, 0x9c, 0x7f, 0xf1, 0x80,
    0x74, 0xcc, 0x60, 0x14, 0xcc, 0x40, 0x1c, 0xcc,
    0x33, 0x8, 0xf, 0xb3, 0x4, 0x3, 0xc9, 0x4c,
    0xe3, 0x4c, 0xe0, 0x1f, 0x45, 0x9c, 0x88, 0x24,
    0x42, 0x80, 0x39, 0xdc, 0xd8, 0x1, 0x9e, 0x55,
    0x80, 0x33, 0xec, 0x80, 0x79, 0xb5, 0x80, 0x9,
    0xe4, 0x40, 0xa, 0x38, 0x2, 0x20,

    /* U+4FE1 "信" */
    0x0, 0xc8, 0x1, 0x94, 0x3, 0xf9, 0xac, 0x40,
    0x3, 0x4e, 0x1, 0xfa, 0xd4, 0x40, 0x2, 0xd6,
    0x1, 0xf2, 0x17, 0x73, 0xfe, 0x63, 0xff, 0xc4,
    0x0, 0xf0, 0x4a, 0xbb, 0xfe, 0x20, 0x54, 0x0,
    0x20, 0x8, 0xfc, 0x80, 0x56, 0x1, 0xbe, 0x23,
    0xe0, 0x8, 0xe4, 0x2, 0x9e, 0xef, 0x80, 0x5,
    0xa4, 0x1, 0x76, 0x67, 0xb4, 0x3, 0xf6, 0x7f,
    0xfb, 0x80, 0x3f, 0x7f, 0xfe, 0x10, 0xf, 0xd3,
    0x99, 0xa4, 0x3, 0xfc, 0xa6, 0x79, 0x0, 0x3f,
    0xc8, 0xab, 0xc0, 0x1f, 0xe9, 0x88, 0xd2, 0x20,
    0x0,

    /* U+5145 "充" */
    0x0, 0xf9, 0x48, 0x3, 0xff, 0x82, 0x37, 0xe0,
    0x1f, 0xfc, 0x11, 0x93, 0x30, 0x7, 0xdb, 0xff,
    0xd0, 0x39, 0xff, 0xb8, 0x1, 0x51, 0x7, 0x0,
    0x3c, 0x41, 0xe2, 0x29, 0x0, 0x3b, 0xc4, 0x17,
    0xe, 0xaf, 0xee, 0xf0, 0x6, 0xa5, 0xb4, 0x0,
    0x15, 0x3d, 0x80, 0x76, 0x28, 0xc6, 0xeb, 0xbe,
    0x81, 0x30, 0x3, 0x31, 0xa9, 0x11, 0x64, 0xe,
    0xa0, 0xdc, 0x2, 0xac, 0xb3, 0x34, 0x38, 0x2a,
    0x9f, 0x1c, 0x3, 0x84, 0x94, 0x3, 0xc6, 0x1,
    0xe9, 0xd, 0x0, 0xf0, 0xe1, 0x0, 0x4a, 0xe4,
    0x80, 0x11, 0x80, 0xc, 0xcc, 0x7, 0x54, 0x2c,
    0x0, 0xce, 0xcc, 0xb0, 0x50, 0xf5, 0x56, 0x8,
    0x5, 0x5, 0x32, 0x66, 0x8, 0x6e, 0xa8, 0x40,
    0x33, 0xff, 0xe9, 0x0,

    /* U+5149 "光" */
    0x0, 0x88, 0x2, 0xcb, 0x0, 0x90, 0x80, 0x34,
    0xe0, 0x80, 0x7d, 0x5c, 0x1, 0xa0, 0x60, 0x3,
    0xcc, 0x30, 0x1, 0x85, 0x98, 0x20, 0x1d, 0xa,
    0x80, 0x1d, 0x6c, 0x1, 0xc4, 0xf6, 0x1, 0x9d,
    0xcb, 0xcc, 0xe4, 0xce, 0xbc, 0xce, 0xe0, 0x18,
    0x8f, 0x9, 0x44, 0x78, 0x45, 0xff, 0x70, 0x3f,
    0xf8, 0xd3, 0xff, 0x8, 0x6, 0x20, 0xd0, 0xf,
    0xfe, 0xd, 0x83, 0x80, 0x7f, 0xf0, 0x5, 0x90,
    0x80, 0x3e, 0xa1, 0x0, 0x16, 0xc, 0x0, 0x7c,
    0x2a, 0xa1, 0x9d, 0x2b, 0x30, 0x9, 0xd5, 0x99,
    0x0, 0xa2, 0x8b, 0xa8, 0x1, 0xb8, 0x26, 0x4c,
    0xc1, 0xd, 0xa2, 0x0, 0xe5, 0xef, 0xfa, 0x40,

    /* U+5165 "入" */
    0x0, 0xff, 0xe4, 0xe, 0xa8, 0x7, 0xff, 0x8,
    0x69, 0x40, 0x3f, 0xf8, 0x3, 0x87, 0x46, 0x1,
    0xff, 0xc1, 0xd0, 0xf0, 0xf, 0xfe, 0x9, 0x81,
    0xb0, 0x7, 0xff, 0x1, 0x40, 0x60, 0x3, 0xff,
    0x81, 0x63, 0xa3, 0x0, 0x1f, 0xe3, 0x33, 0x9a,
    0xb9, 0x0, 0x7f, 0x78, 0x58, 0x40, 0x48, 0x7,
    0xe6, 0x36, 0x20, 0x26, 0x45, 0x0, 0xf2, 0x48,
    0xc8, 0x5, 0x3, 0x46, 0x1, 0x96, 0xc3, 0x0,
    0x30, 0xe8, 0x6a, 0x0, 0x2a, 0x81, 0x64, 0x1,
    0xc7, 0x23, 0x66, 0x6, 0x6d, 0x40, 0xf, 0x9b,
    0x8, 0xc2, 0x70, 0x80, 0x3f, 0x8f, 0x40,

    /* U+5168 "全" */
    0x0, 0xf8, 0x44, 0x1, 0xff, 0xc2, 0xde, 0x10,
    0xf, 0xfe, 0x4, 0x98, 0x68, 0x80, 0x7f, 0xa9,
    0xa7, 0xb, 0x8, 0x3, 0xe2, 0xc5, 0x96, 0x3d,
    0x3c, 0x40, 0xe, 0x6d, 0x2b, 0x60, 0x1, 0xf9,
    0x5d, 0x8, 0x16, 0xc8, 0x31, 0x33, 0x67, 0xa1,
    0x5e, 0x52, 0x4a, 0x56, 0x88, 0x4c, 0xa2, 0x20,
    0xc4, 0x40, 0x4a, 0xd7, 0x74, 0xa3, 0xdd, 0x8e,
    0xc4, 0x3, 0x8, 0xe0, 0x11, 0xc0, 0x1e, 0x8e,
    0xe9, 0x7, 0xba, 0xf0, 0xf, 0x4e, 0x64, 0x83,
    0x99, 0x68, 0x7, 0x84, 0xce, 0x10, 0x33, 0xc0,
    0x18, 0xd5, 0x79, 0x81, 0x57, 0x90, 0x1, 0x55,
    0xe3, 0x1a, 0xaf, 0x0,

    /* U+5173 "关" */
    0x0, 0xc4, 0x1, 0xe3, 0x0, 0xf8, 0xf5, 0x40,
    0x31, 0xe4, 0x0, 0x78, 0xd2, 0xc0, 0x34, 0xc,
    0x80, 0x70, 0x8b, 0xc1, 0x4, 0x4a, 0x92, 0x2,
    0x1, 0xb3, 0xac, 0x6f, 0xb9, 0x41, 0x1d, 0xc1,
    0x0, 0xa2, 0xab, 0x10, 0x55, 0x70, 0x80, 0x4a,
    0xbc, 0x22, 0x55, 0xe0, 0x8, 0x47, 0xc0, 0x23,
    0xf0, 0x3, 0x3b, 0xb8, 0xc3, 0xbb, 0xbc, 0x1,
    0x15, 0x59, 0xc0, 0x9, 0x55, 0xac, 0x0, 0xab,
    0xc6, 0x4, 0x8e, 0xab, 0x80, 0x3d, 0x28, 0x8c,
    0x1c, 0x20, 0xf, 0x8f, 0x58, 0xec, 0x74, 0x75,
    0xc0, 0x33, 0x66, 0x9, 0xf0, 0x0, 0x78, 0x51,
    0xd2, 0x21, 0x44, 0xdb, 0x0, 0x18, 0xf6, 0xd,
    0x44, 0x37, 0xa4, 0x80, 0x3e, 0x7d, 0xc0,

    /* U+518D "再" */
    0x8, 0xff, 0xff, 0xe0, 0x80, 0x2e, 0xab, 0x90,
    0x6a, 0xbc, 0x0, 0x35, 0x5e, 0x20, 0x55, 0xf0,
    0x4, 0x9f, 0xf9, 0x87, 0xff, 0x50, 0x7, 0x9e,
    0x64, 0x83, 0x33, 0x10, 0x80, 0x7a, 0x99, 0x84,
    0xc, 0xd0, 0x80, 0x7d, 0xbf, 0xe6, 0x1f, 0xf8,
    0xc0, 0x3e, 0x8b, 0xb2, 0xd, 0xdc, 0x40, 0x1f,
    0x2a, 0x20, 0x81, 0x12, 0x10, 0x8, 0x7e, 0xc3,
    0x7f, 0xcc, 0x3f, 0xf1, 0xa7, 0xc8, 0xcb, 0x3,
    0xcc, 0xfc, 0x44, 0x9d, 0x6, 0xd0, 0xa6, 0x6f,
    0x85, 0x98, 0x80, 0x1f, 0xc4, 0xcc, 0x21, 0x0,
    0xff, 0x8e, 0x64, 0x7c, 0x0,

    /* U+51C6 "准" */
    0x0, 0xff, 0xe2, 0xa1, 0x0, 0x47, 0xc4, 0x9c,
    0x40, 0x18, 0x6a, 0x40, 0x29, 0x2, 0x40, 0x90,
    0xc, 0x30, 0x8a, 0x4, 0xa4, 0xcc, 0x57, 0x66,
    0x80, 0xc, 0x56, 0x16, 0x5, 0x76, 0x43, 0xbb,
    0x80, 0x29, 0x84, 0x60, 0xfd, 0xd0, 0xbe, 0xec,
    0x1, 0x22, 0x28, 0x41, 0xd5, 0x42, 0x6a, 0xa3,
    0x0, 0xce, 0x16, 0x13, 0x54, 0x4, 0xaa, 0x48,
    0x6, 0x6e, 0x60, 0xef, 0xf0, 0xbf, 0xfa, 0x80,
    0x24, 0xc5, 0x0, 0x3a, 0xa8, 0x4d, 0x54, 0x60,
    0x17, 0x2, 0x80, 0x26, 0xa8, 0x9, 0x54, 0x90,
    0x0, 0xab, 0x0, 0x5d, 0xfe, 0x17, 0xff, 0x50,
    0x2, 0x2, 0x80, 0x25, 0x22, 0x0, 0x91, 0x40,
    0x2c, 0x66, 0x0, 0xaf, 0x74, 0x2d, 0xbb, 0x20,
    0xe7, 0x80, 0x6b, 0xdd, 0xf9, 0x0,

    /* U+5207 "切" */
    0x0, 0x47, 0x0, 0x42, 0x3f, 0x80, 0x3e, 0x4e,
    0xef, 0xc0, 0x1f, 0x2d, 0xd8, 0x52, 0xec, 0xa0,
    0x1c, 0x2b, 0x10, 0x44, 0x9, 0xa2, 0x8, 0x0,
    0x96, 0xc1, 0x4a, 0x60, 0x17, 0x80, 0x4, 0x2,
    0x12, 0x1e, 0xda, 0x0, 0x84, 0x2, 0x10, 0x4a,
    0x40, 0x10, 0x8, 0xc0, 0x80, 0x6, 0x60, 0xf,
    0xe6, 0x5, 0x0, 0x8, 0x7, 0xc2, 0xc1, 0x82,
    0x20, 0x8, 0x40, 0x21, 0x15, 0x74, 0xb, 0x20,
    0x4, 0xce, 0x0, 0x17, 0x7, 0xae, 0x60, 0x80,
    0x8, 0xc4, 0x0, 0x29, 0x7a, 0xa7, 0x8, 0x40,
    0x1, 0x11, 0x0, 0x54, 0x80, 0xba, 0x34, 0xe,
    0xed, 0xb, 0x0, 0xf6, 0x9e, 0x8, 0x64, 0x1b,
    0x18, 0x7, 0xa3, 0x48, 0x1, 0x7f, 0xe9, 0x0,
    0x0,

    /* U+5219 "则" */
    0x7, 0xff, 0xf4, 0x0, 0x6e, 0x80, 0xa, 0xab,
    0x0, 0x5c, 0xe0, 0x1c, 0x2a, 0x38, 0xa2, 0x1,
    0xff, 0x1b, 0x80, 0x7f, 0xfb, 0xbc, 0x3, 0xff,
    0x84, 0x24, 0x1, 0xfe, 0x34, 0x7, 0x50, 0x7d,
    0x0, 0xf9, 0x29, 0x44, 0x53, 0x25, 0x6, 0x30,
    0xe, 0x2a, 0x5c, 0x6a, 0x0, 0x42, 0x0, 0x67,
    0xd2, 0xa4, 0xc5, 0x90, 0x57, 0x81, 0xf1, 0xa6,
    0xd0, 0x1, 0xdd, 0x1, 0x43, 0x9a, 0x8e, 0xc8,
    0x6, 0x43, 0x7, 0xff, 0x61, 0x0,

    /* U+521D "初" */
    0x0, 0x84, 0x3, 0xff, 0x82, 0x9c, 0x60, 0x1f,
    0xfc, 0x4, 0x3e, 0x3, 0xee, 0xfa, 0x81, 0xdc,
    0xce, 0xe0, 0x66, 0x9, 0x33, 0x0, 0x3, 0x32,
    0x44, 0x43, 0xc4, 0x1, 0x22, 0x4, 0x3, 0xdd,
    0x12, 0x20, 0x2, 0xe0, 0xf, 0x9c, 0xe4, 0xc0,
    0x80, 0xc0, 0x2, 0x60, 0x3, 0x83, 0xae, 0x6,
    0x6, 0x0, 0xe3, 0xd0, 0x36, 0xc0, 0x30, 0x30,
    0x1, 0x89, 0xe1, 0x1, 0x8c, 0x86, 0x90, 0x4,
    0x3e, 0x6b, 0x82, 0xb4, 0x22, 0x54, 0x0, 0xc2,
    0x14, 0x1, 0x2c, 0xc8, 0x2c, 0x0, 0x40, 0x60,
    0x1e, 0x37, 0x52, 0x0, 0x38, 0x30, 0x7, 0x16,
    0xd, 0x8c, 0x3c, 0x9, 0x80, 0x71, 0x2e, 0x8,
    0x96, 0x46, 0xc0,

    /* U+524D "前" */
    0x0, 0x85, 0x0, 0x3c, 0xa4, 0x1, 0xe6, 0xb5,
    0x0, 0xc7, 0x50, 0x1, 0xe7, 0x38, 0x0, 0xde,
    0x36, 0x1, 0xf, 0xfc, 0x65, 0xff, 0x8c, 0x7b,
    0xfc, 0x43, 0x55, 0xff, 0xc2, 0x20, 0x51, 0x1e,
    0x65, 0x5c, 0x30, 0xe0, 0x2, 0xbb, 0xef, 0x7,
    0xd0, 0x1, 0x0, 0x75, 0xf7, 0x14, 0x3, 0xff,
    0x81, 0xf1, 0x7, 0x0, 0xff, 0xe0, 0x10, 0x88,
    0x3, 0xff, 0x83, 0x93, 0x27, 0x0, 0xff, 0xe0,
    0x57, 0x71, 0x40, 0x3f, 0xf8, 0x19, 0xfe, 0x60,
    0x2, 0x58, 0x7, 0xf0, 0x99, 0x0, 0xd, 0x55,
    0xa0, 0x60, 0x1c, 0x58, 0xb4, 0x0, 0x6a, 0x65,
    0x10, 0x1, 0x79, 0x9b, 0xf9, 0x80, 0xb, 0xfe,
    0xa0, 0x0,

    /* U+529F "功" */
    0x0, 0xfe, 0xad, 0x0, 0xc3, 0x11, 0xcc, 0x1,
    0xf8, 0xd1, 0xe, 0xc9, 0xc0, 0x1f, 0x8b, 0x30,
    0xd, 0x95, 0xfe, 0x52, 0xff, 0xb8, 0x3, 0xc7,
    0x10, 0x12, 0x88, 0x20, 0x7, 0xc2, 0xee, 0x37,
    0x78, 0xc0, 0x3f, 0xc4, 0x40, 0x0, 0x98, 0x7,
    0xe2, 0xe, 0x0, 0x18, 0x7, 0xb, 0x50, 0x28,
    0x38, 0x0, 0x46, 0x6a, 0x6, 0x96, 0xb, 0x31,
    0x0, 0x3b, 0x8a, 0x51, 0x6b, 0xb1, 0x8e, 0x80,
    0x22, 0x21, 0xe7, 0x52, 0x89, 0xc9, 0xb0, 0x0,
    0x45, 0xc0, 0x60, 0x13, 0x60, 0xf0, 0x3b, 0x58,
    0x18, 0x7, 0x79, 0xf9, 0x5, 0xca, 0xb2, 0x0,
    0x74, 0xe0, 0x80, 0x33, 0xfd, 0x20,

    /* U+52A0 "加" */
    0x0, 0xbd, 0xc0, 0x3f, 0xf8, 0xec, 0xef, 0x90,
    0x1e, 0x3, 0x1d, 0xe0, 0x88, 0x4c, 0xa3, 0x46,
    0x1c, 0x12, 0x21, 0x20, 0x8, 0xee, 0x8, 0xf,
    0xf0, 0x57, 0xb8, 0x7, 0xf8, 0xc0, 0x40, 0x6,
    0x1, 0xfc, 0x20, 0xe0, 0x20, 0x1f, 0xe6, 0x1,
    0x0, 0xff, 0xe0, 0x10, 0x10, 0x18, 0x80, 0x7f,
    0x69, 0x80, 0x4, 0x3, 0xfc, 0xa8, 0x0, 0x77,
    0x0, 0x7e, 0x60, 0xa0, 0x1, 0x10, 0x1, 0x8e,
    0xe1, 0x1, 0x83, 0x33, 0xc8, 0xf8, 0x1, 0x22,
    0x0, 0x2, 0xe, 0x18, 0x63, 0x70, 0x4, 0x7f,
    0x88, 0x4f, 0xc8, 0x3f, 0xd8, 0x21, 0xce, 0x0,
    0xd8,

    /* U+52A8 "动" */
    0x1, 0x22, 0xe1, 0x0, 0x65, 0x0, 0x74, 0xee,
    0xf5, 0x80, 0x4, 0x3, 0xd3, 0xbb, 0xd6, 0x1,
    0xfc, 0x24, 0x5c, 0x37, 0xa4, 0xbb, 0xb0, 0x83,
    0x37, 0x94, 0xd0, 0x9, 0x18, 0x80, 0x66, 0x7d,
    0x71, 0x21, 0x53, 0xa0, 0x22, 0xfe, 0x9, 0xff,
    0x70, 0x4, 0x20, 0x20, 0x19, 0xc1, 0xce, 0x80,
    0x4, 0x4, 0x1, 0xec, 0x41, 0x25, 0x40, 0x40,
    0x50, 0xf1, 0x0, 0x97, 0x80, 0x7, 0xe1, 0x84,
    0x20, 0x26, 0x0, 0x80, 0xee, 0x8d, 0x5, 0x50,
    0x0, 0x42, 0x0, 0x40, 0x4, 0xe7, 0x25, 0x85,
    0x80, 0x19, 0x80, 0xe, 0xfb, 0x73, 0x1f, 0x55,
    0x33, 0x20, 0xb4, 0x0, 0x40, 0x1c, 0x25, 0x43,
    0x2e, 0x6c, 0x1, 0xf9, 0x74, 0x17, 0xfd, 0x82,
    0x0,

    /* U+52A9 "助" */
    0x4, 0xff, 0xe0, 0x0, 0xfa, 0x80, 0x7a, 0xa8,
    0xc0, 0x1f, 0xfc, 0x5, 0x56, 0x0, 0x7f, 0xf0,
    0x15, 0x58, 0xf, 0xfc, 0x15, 0xfe, 0xe0, 0xa,
    0xa8, 0xc0, 0x90, 0xc0, 0xd0, 0x60, 0x1b, 0xfd,
    0x40, 0x6f, 0xa1, 0x6e, 0x86, 0x1, 0xfc, 0x40,
    0x40, 0x20, 0x1b, 0xfd, 0x40, 0x17, 0x88, 0x4,
    0x20, 0x15, 0x5b, 0x0, 0x48, 0x80, 0x1, 0x80,
    0x65, 0x4c, 0x3, 0x22, 0x78, 0x0, 0x5c, 0x4,
    0x1e, 0xac, 0x32, 0x45, 0x40, 0xe, 0x2b, 0x41,
    0x2, 0xd7, 0x9, 0x0, 0x11, 0x92, 0x4e, 0xfd,
    0xc1, 0xc2, 0x32, 0xb4, 0x86, 0x8b, 0x10, 0x5,
    0xcb, 0x61, 0xb2, 0xc8, 0xa0, 0x1e, 0x9a, 0x0,
    0x47, 0xfa, 0xc0,

    /* U+52FF "勿" */
    0x0, 0xc8, 0x20, 0x1f, 0xfc, 0x2, 0xb8, 0x0,
    0xff, 0xe0, 0x50, 0x50, 0x7, 0xff, 0x1, 0x83,
    0x3f, 0xff, 0x60, 0x1, 0x85, 0xa0, 0x45, 0xc,
    0xb, 0x4, 0x0, 0x18, 0x39, 0x51, 0x97, 0xc0,
    0x87, 0x17, 0xa, 0x1f, 0x8, 0x6, 0xc, 0x12,
    0x1, 0x11, 0xa4, 0x18, 0xaa, 0x84, 0x11, 0x0,
    0x3, 0x3b, 0x5c, 0x24, 0x20, 0xc, 0xbc, 0x0,
    0x22, 0x2, 0x2, 0x75, 0x20, 0xa1, 0x50, 0xb,
    0xc0, 0x2f, 0x1b, 0x2, 0x67, 0x0, 0x8, 0x8,
    0xe, 0x15, 0x8, 0x48, 0x40, 0x1, 0x40, 0x81,
    0xce, 0x90, 0x19, 0x20, 0x40, 0x6, 0xc, 0xd,
    0xaa, 0xb, 0x28, 0xe6, 0xee, 0x92, 0x20, 0x0,
    0x80, 0x23, 0xb0, 0x78, 0x80, 0x48, 0x7, 0x97,
    0x0, 0x9, 0xfe, 0xe4, 0x0,

    /* U+5305 "包" */
    0x0, 0xc6, 0x80, 0x1f, 0xfc, 0x2e, 0xa0, 0xf,
    0xfe, 0xb, 0x12, 0x27, 0xf0, 0x6, 0x18, 0x5,
    0xbb, 0xfc, 0x1, 0xe, 0xe, 0x77, 0x7c, 0xc2,
    0x0, 0x1c, 0x24, 0x64, 0x4c, 0x42, 0x23, 0x30,
    0x0, 0xc2, 0x56, 0xab, 0xac, 0x3, 0xc5, 0xac,
    0xf, 0xff, 0x8, 0x4, 0x22, 0x0, 0xff, 0xe1,
    0x33, 0x80, 0x79, 0xff, 0xe1, 0x0, 0x88, 0xc0,
    0x3c, 0xb7, 0x7d, 0xde, 0x18, 0x1, 0xe2, 0x44,
    0xc7, 0x10, 0xb5, 0x30, 0xe, 0x10, 0xe, 0x67,
    0x45, 0xc3, 0x0, 0x89, 0xdc, 0xcd, 0xf4, 0x89,
    0x80, 0x5e, 0x51, 0x33, 0xf0, 0x50, 0x0,

    /* U+5316 "化" */
    0x0, 0xc2, 0x20, 0xf, 0xfe, 0x15, 0x78, 0x3,
    0xe8, 0x3, 0xf9, 0x10, 0xc0, 0x1f, 0xfc, 0x18,
    0x9, 0x0, 0xfb, 0x18, 0x2, 0x63, 0x51, 0x0,
    0xf5, 0x98, 0x4, 0x72, 0x6, 0x1, 0xe9, 0x47,
    0x60, 0x3c, 0x10, 0xf, 0xa5, 0x96, 0x0, 0x4,
    0x3a, 0x20, 0x1c, 0xac, 0xf4, 0x1, 0xf, 0x18,
    0x6, 0x40, 0x4, 0xc0, 0x7, 0xf1, 0x5d, 0x81,
    0x58, 0x3, 0xf8, 0xf9, 0x20, 0x3, 0x89, 0x80,
    0x38, 0xf7, 0x9c, 0x3, 0x9a, 0x48, 0x3, 0x84,
    0x40, 0x1e, 0x20, 0x30, 0xf, 0xc4, 0x8e, 0xf5,
    0x90, 0x80, 0x7e, 0x80, 0x88, 0x8e, 0x40,

    /* U+5339 "匹" */
    0x8f, 0xff, 0xfe, 0x6, 0x80, 0x53, 0x27, 0x6,
    0x96, 0x7, 0x99, 0x58, 0x4, 0xcc, 0xb0, 0xa6,
    0xd0, 0xa6, 0x68, 0x3, 0x9c, 0x4, 0x3, 0xff,
    0x80, 0x20, 0x60, 0x1f, 0xfc, 0x2, 0x1, 0x0,
    0xff, 0xe0, 0x69, 0x80, 0x78, 0xd4, 0x3, 0xa,
    0xa0, 0x7, 0x96, 0xc0, 0x34, 0x4, 0x80, 0x64,
    0x3c, 0x20, 0x9, 0x99, 0x2, 0x0, 0x51, 0x9c,
    0x5a, 0x0, 0x9a, 0x5c, 0x2, 0x1e, 0xdd, 0x73,
    0x0, 0x42, 0xe2, 0x3e, 0x33, 0x0, 0x80, 0x5d,
    0xdf, 0xfc, 0x1, 0xaa, 0xff, 0xe1, 0x8,

    /* U+534F "协" */
    0x0, 0x3f, 0x0, 0x65, 0xd0, 0xf, 0xfe, 0x19,
    0x0, 0x7f, 0xf0, 0x22, 0x1c, 0x11, 0x11, 0x80,
    0xb, 0xa0, 0x7a, 0x11, 0xa, 0x8, 0xae, 0xc0,
    0x3, 0x94, 0x9, 0xcc, 0xa4, 0x33, 0x0, 0x18,
    0x5f, 0x5, 0xd2, 0x8b, 0xc4, 0x2, 0xe6, 0x0,
    0xf2, 0x29, 0x91, 0x0, 0xc1, 0xec, 0x3, 0xda,
    0x42, 0x88, 0x0, 0xac, 0x84, 0x3, 0xb, 0x59,
    0x8e, 0x0, 0x82, 0x2, 0x80, 0x72, 0xb4, 0x8a,
    0x3, 0x80, 0x91, 0x80, 0x61, 0xa3, 0x58, 0x0,
    0x8, 0x16, 0xb8, 0x7, 0xf, 0x13, 0x0, 0x34,
    0x3, 0xfb, 0x4b, 0x85, 0x9a, 0x30, 0xf, 0x88,
    0x2c, 0xc6, 0x64, 0x10, 0x1, 0xcf, 0xc5, 0x88,
    0x0, 0xff, 0x72, 0x0, 0x40,

    /* U+5373 "即" */
    0x6, 0xff, 0xee, 0xd, 0xee, 0xce, 0x1, 0x4d,
    0x51, 0x0, 0x6, 0x53, 0x21, 0xf0, 0x9, 0xd5,
    0x46, 0x1, 0x23, 0xb8, 0x40, 0x33, 0xaa, 0x8c,
    0x3, 0xfe, 0x9a, 0xa2, 0x0, 0x7f, 0xdd, 0xfe,
    0x70, 0xf, 0xf9, 0x12, 0x30, 0xf, 0xfa, 0xae,
    0xc8, 0x1, 0xff, 0x77, 0xf7, 0x40, 0x1f, 0xfc,
    0xf, 0xb0, 0xc, 0x24, 0x20, 0x1e, 0x65, 0x30,
    0xa, 0xf4, 0x30, 0x3c, 0x23, 0x5c, 0x3c, 0x2,
    0x8b, 0xe4, 0x6, 0x4, 0x5c, 0x93, 0x20, 0x1,
    0x20, 0x80, 0x2b, 0x75, 0x6, 0xdc, 0x40, 0x1e,

    /* U+539F "原" */
    0x0, 0x7f, 0xff, 0xf0, 0x40, 0x32, 0xd5, 0x64,
    0x5a, 0xae, 0x0, 0xda, 0xab, 0x22, 0x1, 0x57,
    0x80, 0x38, 0xff, 0xdc, 0xb, 0xff, 0x70, 0x7,
    0xe9, 0xcc, 0xe5, 0x0, 0xfe, 0x31, 0x1e, 0x0,
    0xff, 0x5e, 0x67, 0x28, 0x6, 0x10, 0x20, 0x5,
    0x77, 0x73, 0x0, 0x63, 0x1, 0x0, 0x5f, 0xff,
    0x30, 0x6, 0x70, 0x63, 0xcc, 0x74, 0x7, 0x73,
    0x3c, 0x2, 0xd1, 0x20, 0xfd, 0x1, 0x1, 0x9d,
    0x30, 0x9, 0x54, 0x14, 0x7a, 0x20, 0x14, 0x2e,
    0x8, 0x21, 0x73, 0xad, 0xa, 0x60, 0x5, 0x47,
    0xa0, 0x90, 0xaf, 0xaa, 0xf6, 0x8c, 0x0, 0x1f,
    0xd0,

    /* U+53D1 "发" */
    0x0, 0xf9, 0x90, 0x0, 0x20, 0x1f, 0x56, 0x80,
    0x27, 0xc0, 0x7e, 0x40, 0x3c, 0xa8, 0x4, 0x6,
    0x3, 0x6c, 0xe0, 0x19, 0xc2, 0xc1, 0xc3, 0x40,
    0xb, 0x2a, 0x1, 0xa0, 0x37, 0xe8, 0x2b, 0xfe,
    0x9d, 0xd0, 0x4, 0xee, 0x88, 0x0, 0xc4, 0x7a,
    0xc0, 0x28, 0x83, 0x98, 0x33, 0xbf, 0x98, 0x3,
    0xdc, 0xf, 0xff, 0xce, 0x1, 0xe3, 0x50, 0x68,
    0x89, 0x1, 0x0, 0x3d, 0xc0, 0x4a, 0xee, 0x65,
    0x43, 0x0, 0xea, 0x29, 0xf2, 0x90, 0xd1, 0x90,
    0xe, 0xa5, 0x66, 0x15, 0x37, 0x1d, 0x90, 0x4,
    0x5a, 0xaf, 0x20, 0x2, 0x1, 0x11, 0x0, 0x63,
    0x1a, 0x83, 0x8e, 0x94, 0xb5, 0x9e, 0x94, 0x1,
    0xc5, 0xf, 0x74, 0xcb, 0x4b, 0xb2, 0x35, 0x90,
    0x6, 0xdf, 0xa3, 0x0, 0x92, 0xbf, 0x48,

    /* U+53D6 "取" */
    0x2f, 0xff, 0x80, 0x3f, 0x14, 0x4, 0x52, 0x85,
    0x6f, 0xff, 0x58, 0x1, 0x1, 0x17, 0x41, 0x5c,
    0x11, 0x54, 0x20, 0x1c, 0x88, 0xd0, 0x5, 0x7,
    0xd5, 0xc, 0xc0, 0x1a, 0x2d, 0x40, 0x23, 0xc0,
    0x12, 0xd0, 0xd, 0x9f, 0x0, 0x12, 0x98, 0x28,
    0x20, 0x6, 0x71, 0xf0, 0xb, 0x10, 0x78, 0xc4,
    0x3, 0x5f, 0x38, 0x4, 0xa0, 0xcb, 0x40, 0x1d,
    0x3a, 0xc0, 0x19, 0x60, 0x18, 0x3, 0x94, 0xb8,
    0x14, 0x43, 0x81, 0x40, 0x21, 0xb0, 0xee, 0x40,
    0x5a, 0x87, 0x82, 0x8, 0x0, 0xdc, 0xd2, 0x14,
    0x39, 0x25, 0x24, 0x34, 0x40, 0xbf, 0x25, 0xb4,
    0x6, 0xda, 0x5a, 0x8f, 0xc8, 0x3, 0xe1, 0xb,
    0x60, 0x4d, 0x42, 0x0, 0xe7, 0xf0, 0xb4, 0x0,
    0x8a, 0x80,

    /* U+53D7 "受" */
    0x0, 0xff, 0xe4, 0x9, 0x1a, 0xb4, 0x56, 0x7c,
    0x80, 0x53, 0xfe, 0xed, 0xca, 0x84, 0x15, 0x9d,
    0x0, 0xae, 0x4e, 0xbb, 0xce, 0x32, 0xe2, 0xc8,
    0x2, 0x27, 0x3c, 0x10, 0x6a, 0x0, 0x31, 0x28,
    0x6, 0x16, 0x40, 0x6, 0x80, 0x54, 0xa6, 0x1,
    0x77, 0xb1, 0x7f, 0xa0, 0xff, 0xc4, 0xbf, 0xc0,
    0x12, 0xd5, 0x7f, 0x90, 0x3, 0x6a, 0xaf, 0xf8,
    0xc0, 0x2b, 0x5a, 0xff, 0xfd, 0x77, 0x0, 0x14,
    0xb8, 0xe, 0xab, 0x20, 0x71, 0xa8, 0x6, 0x48,
    0x33, 0x2a, 0x85, 0x15, 0x40, 0x1f, 0x3c, 0x4d,
    0xcd, 0xad, 0x0, 0x7f, 0x21, 0xa3, 0xf, 0x0,
    0x79, 0x1e, 0xbb, 0x9, 0xe0, 0xef, 0xee, 0x14,
    0x1, 0x30, 0xcf, 0x7d, 0xf, 0xb6, 0xce, 0xee,
    0x0, 0x67, 0xe4, 0xa0, 0x6, 0x49, 0xcf, 0xb0,

    /* U+53EF "可" */
    0x4, 0x4f, 0xfe, 0x10, 0xd, 0xdf, 0xff, 0x8,
    0x45, 0xbb, 0xfe, 0x80, 0xad, 0x10, 0x22, 0xff,
    0x81, 0x88, 0x2, 0x8f, 0xff, 0x8, 0x7, 0xfa,
    0x22, 0x50, 0xf, 0xf8, 0x5d, 0xec, 0x0, 0xff,
    0xe8, 0x8, 0xe0, 0xf, 0xf8, 0x7b, 0xa8, 0x0,
    0xff, 0xe0, 0x5d, 0xf0, 0x80, 0x7e, 0xab, 0x44,
    0xe0, 0xf, 0xe2, 0x40, 0xc, 0xb3, 0x1c, 0x2,
    0x1, 0xfe, 0x16, 0x76, 0x72, 0x0, 0x0,

    /* U+540D "名" */
    0x0, 0xf3, 0xa8, 0x7, 0xfc, 0xf0, 0x40, 0x1f,
    0xe6, 0x80, 0x8f, 0xfd, 0xc8, 0x1, 0x4c, 0x96,
    0x67, 0x80, 0xa, 0xb, 0xcd, 0x14, 0xcd, 0xb0,
    0x2c, 0x40, 0x8f, 0x3f, 0x48, 0x1, 0x2a, 0xea,
    0x0, 0x7d, 0x3b, 0x3d, 0x5c, 0x68, 0x80, 0x7,
    0x8f, 0x2, 0x8a, 0xdc, 0x3, 0xc3, 0x18, 0x0,
    0x62, 0x66, 0x8c, 0x63, 0x39, 0xc4, 0x0, 0xf3,
    0x3a, 0x84, 0xde, 0x2, 0x3f, 0xfc, 0x20, 0xb,
    0xb3, 0x80, 0x7f, 0xf4, 0x63, 0xff, 0xc2, 0x1,
    0xe5, 0x99, 0xf0, 0x0,

    /* U+540E "后" */
    0x0, 0xff, 0xe0, 0x18, 0x7, 0x84, 0xd1, 0x5e,
    0x2f, 0x7f, 0x2c, 0x3, 0x4f, 0x65, 0xd4, 0xa0,
    0x2c, 0xe5, 0x80, 0x7b, 0x7b, 0xfb, 0x2e, 0x18,
    0xc0, 0x3c, 0x24, 0x20, 0x1f, 0xfc, 0x11, 0xff,
    0xff, 0x90, 0x0, 0x61, 0x33, 0xff, 0x28, 0x0,
    0x49, 0x9b, 0xfe, 0x10, 0x3, 0x80, 0x19, 0xbf,
    0x80, 0x30, 0xb8, 0x44, 0xcf, 0xe1, 0x0, 0x88,
    0x80, 0x7, 0xff, 0xe8, 0x0, 0xc8, 0x18, 0x1,
    0xff, 0xc1, 0xd0, 0x40, 0xf, 0xfe, 0x1, 0x33,
    0x0, 0x27, 0xff, 0xe8, 0x0, 0xc7, 0x0, 0x12,
    0x4c, 0xf2, 0x80, 0x45, 0x82, 0x0, 0xeb, 0x66,
    0xea, 0xf1, 0x0,

    /* U+542F "启" */
    0x0, 0xf8, 0xc8, 0x3, 0xff, 0x83, 0xdc, 0x0,
    0xfc, 0x26, 0x79, 0xd, 0x4c, 0xf0, 0x5, 0x39,
    0x99, 0x82, 0xb3, 0x30, 0x7, 0x6e, 0xfe, 0x60,
    0xf, 0x11, 0x7e, 0x10, 0xf, 0x7f, 0xfe, 0x70,
    0xc, 0x21, 0x33, 0xfe, 0x0, 0x8c, 0x59, 0xbf,
    0xc0, 0x13, 0x1b, 0xff, 0xff, 0x20, 0x0, 0x5c,
    0x1, 0x77, 0xe8, 0x0, 0x84, 0xb4, 0x0, 0x89,
    0xf0, 0x4, 0xe0, 0xa0, 0x1, 0x1f, 0x38, 0x5,
    0x6, 0x40, 0xe, 0xef, 0x58, 0x0, 0x8f, 0xc0,
    0x2c, 0xcf, 0x48, 0x0, 0xb4, 0xc1, 0xfc, 0xcf,
    0xcd, 0xe8,

    /* U+5668 "器" */
    0x0, 0x77, 0xfe, 0x13, 0xff, 0xe0, 0xe, 0x6b,
    0x80, 0xd, 0x56, 0xc0, 0x1e, 0xf4, 0x30, 0xc,
    0x88, 0xf0, 0xf, 0x7a, 0xe0, 0x6, 0x75, 0xc0,
    0xe, 0x37, 0xb6, 0x12, 0x1, 0x9b, 0x41, 0x0,
    0xdb, 0xdd, 0x17, 0x1f, 0x29, 0xdf, 0x0, 0xb,
    0xff, 0x8c, 0xbf, 0xca, 0x55, 0xfe, 0x22, 0x55,
    0x20, 0x1, 0x35, 0x46, 0x3, 0xaa, 0x88, 0x14,
    0xe4, 0xb5, 0x95, 0x53, 0x23, 0x91, 0x50, 0x3e,
    0x91, 0x2c, 0xe1, 0x3e, 0x80, 0x3b, 0xe3, 0x33,
    0x2, 0xcb, 0x88, 0x0, 0x66, 0x4a, 0x12, 0x61,
    0x3, 0x8d, 0x80, 0x19, 0x5b, 0x1, 0xc0, 0x37,
    0xa6, 0x80, 0x64, 0x47, 0x80, 0x79, 0xad, 0xc4,
    0x2, 0x9b, 0x61, 0x0, 0x0,

    /* U+56DE "回" */
    0x9f, 0xff, 0xfe, 0x5, 0x0, 0x1d, 0xff, 0xc0,
    0x10, 0xc4, 0x7f, 0x84, 0x3, 0x84, 0x7c, 0x1,
    0xf1, 0x77, 0x78, 0x40, 0x3f, 0x4e, 0x61, 0xc0,
    0x3f, 0xc4, 0x66, 0xe0, 0xf, 0xfe, 0x66, 0x2a,
    0xbc, 0x3, 0xfc, 0xf5, 0x46, 0x0, 0xfc, 0x5f,
    0xfe, 0x10, 0xf, 0xfe, 0x30, 0xff, 0xff, 0x84,
    0x2, 0x99, 0xff, 0x0, 0x0,

    /* U+56FA "固" */
    0x8f, 0xff, 0xfe, 0x4, 0x80, 0x2a, 0xbf, 0xc0,
    0x10, 0xaa, 0xe0, 0xc5, 0x5c, 0x20, 0x1f, 0x13,
    0x80, 0x7e, 0x3f, 0xfa, 0x7, 0xfe, 0x50, 0xc,
    0x7b, 0xb3, 0x8e, 0xec, 0xa0, 0x1c, 0x40, 0x1e,
    0x30, 0xf, 0x26, 0xe9, 0xc7, 0x74, 0xc0, 0x1f,
    0xbf, 0xf0, 0x80, 0x7f, 0x19, 0xe1, 0x0, 0xfe,
    0xcc, 0xc0, 0x20, 0x1e, 0x4f, 0xff, 0x30, 0x6,
    0x1f, 0xff, 0xf0, 0x80, 0x53, 0x3f, 0xe0, 0x0,

    /* U+5728 "在" */
    0x0, 0xf2, 0x88, 0x7, 0xff, 0x0, 0xe9, 0x80,
    0x3f, 0x8, 0xeb, 0x4, 0x11, 0xf8, 0x3b, 0xb3,
    0x86, 0x77, 0x7c, 0x15, 0x52, 0x84, 0x55, 0x7e,
    0x5, 0x52, 0x2a, 0x3a, 0xa8, 0xf9, 0x57, 0x0,
    0x56, 0x12, 0x1, 0x72, 0x0, 0x79, 0xd5, 0x88,
    0x3, 0xfd, 0x30, 0x1c, 0x1f, 0xf3, 0x87, 0xfc,
    0xa6, 0xc8, 0x1, 0x55, 0x48, 0x15, 0x53, 0x9c,
    0xd8, 0x4, 0xab, 0x18, 0x2a, 0xc4, 0xc, 0x1,
    0xff, 0xd5, 0x36, 0x68, 0xc1, 0x9b, 0x0, 0x75,
    0x4c, 0xc8, 0x13, 0x38,

    /* U+5730 "地" */
    0x0, 0xff, 0x10, 0x80, 0x79, 0x7c, 0x3, 0xda,
    0xe0, 0x1f, 0xe2, 0xd3, 0x0, 0xff, 0xe1, 0x10,
    0x7, 0x31, 0x81, 0x3f, 0x83, 0xb0, 0x7, 0x6e,
    0xa6, 0x40, 0xd0, 0xa1, 0x14, 0x0, 0x59, 0x4,
    0x72, 0x0, 0x27, 0xd0, 0x7e, 0x20, 0x4b, 0x84,
    0x50, 0x80, 0x7d, 0x52, 0x13, 0xc0, 0x20, 0x1f,
    0xd1, 0x60, 0xa0, 0x1c, 0x60, 0x1c, 0x8a, 0xc0,
    0x18, 0x50, 0x84, 0x2, 0xd0, 0xba, 0x0, 0xf5,
    0x15, 0x1, 0xf3, 0x95, 0x68, 0x6, 0x22, 0x76,
    0x8, 0x11, 0x2b, 0x54, 0x2, 0x70, 0xd5, 0x0,
    0x62, 0xe, 0x28, 0x4, 0x61, 0xca, 0xba, 0x41,
    0x80, 0x3c, 0x2e, 0x95, 0x59, 0xdc, 0x40,

    /* U+5740 "址" */
    0x0, 0xff, 0x84, 0x3, 0xc5, 0xe4, 0x1, 0xd1,
    0xe0, 0x1f, 0xfc, 0xf2, 0x0, 0xfc, 0x7b, 0x81,
    0x9a, 0x9a, 0xa0, 0x1f, 0x98, 0x80, 0x98, 0x3,
    0xfc, 0x77, 0xc1, 0xd6, 0xc0, 0x18, 0x7f, 0xe2,
    0x0, 0xff, 0xe0, 0x4c, 0xc6, 0x1, 0xff, 0xb,
    0x34, 0x20, 0x19, 0x6d, 0x80, 0x3f, 0xc9, 0x1,
    0x2, 0x1, 0xfe, 0x3b, 0x47, 0xea, 0x60, 0xf,
    0xe3, 0xbe, 0x81, 0x0, 0xff, 0xe0, 0x20, 0x5,
    0xfa, 0x15, 0xee, 0x3f, 0xf3, 0x0, 0x74, 0x47,
    0xf9, 0x40,

    /* U+578B "型" */
    0x6, 0xff, 0xf6, 0x7, 0xa8, 0xfa, 0x80, 0x1e,
    0xc1, 0xac, 0x17, 0xc0, 0x3f, 0xa, 0x6, 0x20,
    0xe9, 0x80, 0x7e, 0x55, 0x6, 0x28, 0xea, 0x88,
    0x7, 0xd7, 0x40, 0xd4, 0xb, 0x46, 0x1, 0xf7,
    0x50, 0x77, 0x8c, 0x79, 0x52, 0x0, 0x70, 0xc2,
    0x8, 0x7, 0x29, 0xa8, 0x6, 0xc3, 0x90, 0xf,
    0xb6, 0xc1, 0xc0, 0x1f, 0xe2, 0x0, 0x7d, 0xe0,
    0x2, 0xed, 0xc4, 0x0, 0x26, 0xee, 0xbc, 0xcd,
    0xdc, 0xaa, 0x30, 0x6, 0x48, 0x8c, 0x43, 0x11,
    0x90, 0x3, 0x1b, 0x37, 0x13, 0x36, 0x30, 0x0,
    0xb3, 0x7c, 0x4c, 0xde, 0x13, 0x88, 0xf1, 0x84,
    0x47, 0x8c,

    /* U+5904 "处" */
    0x0, 0xb2, 0x0, 0x34, 0x78, 0x80, 0x78, 0x4c,
    0x3, 0xff, 0x84, 0xa0, 0xff, 0xee, 0x10, 0xf,
    0xec, 0x9, 0x91, 0x88, 0x80, 0xc, 0x1, 0xe5,
    0x46, 0x63, 0x90, 0x5, 0xe, 0x1, 0x8c, 0x98,
    0x0, 0xae, 0x1, 0x2c, 0x20, 0x5, 0x20, 0x45,
    0xe, 0x0, 0x56, 0x54, 0x20, 0x4b, 0x22, 0xaa,
    0x7, 0x0, 0xdc, 0x36, 0x5, 0x8c, 0xc9, 0xa4,
    0x10, 0xc, 0x73, 0x0, 0x3, 0x9, 0x12, 0xf0,
    0xf, 0x31, 0x0, 0x70, 0x81, 0x0, 0x7f, 0xc3,
    0x82, 0x53, 0x45, 0xa8, 0x20, 0x1c, 0xbe, 0x55,
    0xac, 0xbb, 0x3, 0x31, 0x10, 0xa5, 0x5, 0xa8,
    0x4e, 0xbb, 0x23, 0x3b, 0x98, 0x53, 0x39, 0x0,
    0x22, 0x8b, 0xef, 0xfb, 0x80,

    /* U+5907 "备" */
    0x0, 0xe2, 0x50, 0xf, 0xfe, 0x8, 0xe5, 0x90,
    0x8e, 0x0, 0xf8, 0xb0, 0x45, 0xbd, 0xda, 0xc0,
    0x39, 0x74, 0x93, 0x32, 0xb1, 0x14, 0x80, 0x69,
    0xa6, 0x94, 0xf0, 0x5a, 0x3c, 0x20, 0xd, 0x39,
    0x2d, 0x67, 0x92, 0x1e, 0x40, 0x1c, 0x6b, 0x3b,
    0x62, 0xec, 0x1b, 0xd4, 0xea, 0x2b, 0x92, 0xa9,
    0x9d, 0x13, 0xd6, 0xc3, 0x36, 0xb, 0x90, 0x4f,
    0xbd, 0xda, 0x99, 0x77, 0x84, 0xc, 0x6, 0x2e,
    0xc2, 0xb7, 0x67, 0x10, 0xf, 0x95, 0xdc, 0x22,
    0x77, 0x70, 0x7, 0xec, 0xdd, 0xa, 0xee, 0xa0,
    0x3, 0xf7, 0x7f, 0x85, 0xbf, 0xd2, 0x1, 0xf9,
    0xd5, 0x42, 0x4a, 0xaf, 0x0, 0xfd, 0x35, 0x40,
    0x4a, 0xa3, 0x0, 0x60,

    /* U+590D "复" */
    0x0, 0xc8, 0x1, 0xff, 0xc2, 0x5b, 0x40, 0xf,
    0xfe, 0x0, 0xd8, 0x5f, 0xff, 0xe9, 0x0, 0x17,
    0x9d, 0xdf, 0xfc, 0x0, 0xc3, 0x59, 0x9f, 0xe2,
    0x20, 0x3, 0x70, 0xb, 0xbb, 0xd2, 0x42, 0x1,
    0x18, 0x80, 0x37, 0x7d, 0x60, 0x1f, 0x87, 0xff,
    0xda, 0x1, 0xf8, 0x7b, 0xbd, 0xa0, 0x1f, 0x45,
    0x3, 0xee, 0xf7, 0x38, 0x7, 0x3d, 0x3, 0xee,
    0xf7, 0x88, 0x4, 0x59, 0xa, 0x37, 0xfe, 0xe4,
    0xa, 0x10, 0x8, 0x93, 0x6a, 0x97, 0x95, 0xcf,
    0xa8, 0x1, 0x8b, 0x16, 0x60, 0xd, 0x40, 0x16,
    0xc8, 0x62, 0x5b, 0x70, 0x8b, 0x5d, 0xf8, 0x85,
    0x17, 0x80, 0x59, 0xbf, 0xb2, 0xa2, 0x7, 0x17,
    0xdf, 0xc2,

    /* U+591A "多" */
    0x0, 0xf2, 0x90, 0x7, 0xff, 0x2, 0xe9, 0xc0,
    0x2, 0x1, 0xf1, 0x6a, 0x5, 0x7f, 0xba, 0x40,
    0x30, 0xce, 0x8d, 0xe6, 0x2c, 0x86, 0x0, 0x21,
    0xf7, 0x85, 0x3, 0x28, 0x2d, 0x10, 0x8, 0x73,
    0x9c, 0x6e, 0xb8, 0x74, 0xc0, 0x38, 0x80, 0xc0,
    0xa, 0xe9, 0x22, 0x1, 0x92, 0xb7, 0x1a, 0x38,
    0x19, 0xd1, 0x58, 0xc0, 0xc, 0xb7, 0xcb, 0x4e,
    0x7, 0x54, 0x9e, 0x4, 0xc8, 0x58, 0xd6, 0xcf,
    0xf9, 0x82, 0x40, 0x28, 0xe6, 0x85, 0x40, 0x4,
    0xb3, 0xa0, 0x5, 0x32, 0xe7, 0xf8, 0xad, 0x68,
    0x80, 0x6, 0x16, 0x2, 0x11, 0x28, 0xeb, 0x80,
    0x44, 0xaf, 0x3b, 0xa9, 0x5a, 0xc2, 0x0, 0xd7,
    0x50, 0x8f, 0x3d, 0x6a, 0x1, 0xe8, 0xdf, 0xda,
    0x61, 0x0, 0xfc,

    /* U+5927 "大" */
    0x0, 0xfb, 0x70, 0x3, 0xff, 0x86, 0xe0, 0x1f,
    0xfc, 0x23, 0x10, 0xf, 0xfe, 0x10, 0x98, 0x7,
    0xef, 0xff, 0x3, 0x7f, 0xf8, 0x0, 0xef, 0xc8,
    0x0, 0x57, 0x7e, 0x0, 0x44, 0x71, 0x0, 0xe,
    0x23, 0x80, 0x3e, 0x73, 0x56, 0x0, 0xff, 0x98,
    0x6a, 0x42, 0x40, 0x3f, 0x86, 0x5, 0x8d, 0x18,
    0xc0, 0x3f, 0x68, 0xd8, 0x2, 0x83, 0x48, 0x3,
    0x87, 0xd, 0xd4, 0x0, 0x34, 0x38, 0x60, 0x13,
    0xf1, 0xc4, 0x0, 0x32, 0xd0, 0xe4, 0x88, 0x59,
    0x63, 0x80, 0x79, 0x70, 0xd4, 0x43, 0x34, 0xc0,
    0x3f, 0x1e, 0x60, 0x0,

    /* U+5931 "失" */
    0x0, 0x9a, 0x80, 0x1b, 0x60, 0x1f, 0xe8, 0x60,
    0xf, 0xfe, 0xa, 0x8, 0x44, 0xd, 0xa2, 0x33,
    0x0, 0x68, 0x3, 0x77, 0x9, 0x3b, 0xed, 0x0,
    0xa0, 0xe7, 0xfe, 0x24, 0xff, 0xd6, 0x1, 0xa,
    0xb0, 0x4, 0x62, 0x1, 0xfb, 0xb5, 0xdf, 0xb,
    0x3b, 0xf8, 0x6, 0x23, 0xc0, 0x71, 0x1e, 0x11,
    0x7f, 0xf2, 0x80, 0x1b, 0xff, 0x84, 0x3, 0x8d,
    0x51, 0xd8, 0xc0, 0x3f, 0x8b, 0x42, 0x60, 0x74,
    0x80, 0x3e, 0x6d, 0x1b, 0x20, 0xc0, 0xc6, 0x0,
    0xcf, 0xd2, 0x5a, 0x80, 0x2, 0xc2, 0x9d, 0x82,
    0xa, 0x2a, 0xd2, 0x0, 0xc5, 0x92, 0x2c, 0x61,
    0xb8, 0xa0, 0x1f, 0x9b, 0x38, 0x40,

    /* U+5982 "如" */
    0x0, 0xff, 0xe3, 0x65, 0x80, 0x7f, 0xf0, 0x48,
    0xc0, 0x24, 0x99, 0xe8, 0x3, 0x41, 0xf3, 0x31,
    0x1b, 0x19, 0xc8, 0xc5, 0x96, 0x11, 0x98, 0xe0,
    0x1a, 0xa9, 0x40, 0xb5, 0x87, 0x74, 0x4c, 0x1,
    0xf8, 0x95, 0x8, 0xb0, 0x7, 0xf1, 0xe0, 0x10,
    0x60, 0x7, 0xe5, 0x2, 0x5, 0x4, 0x0, 0xfc,
    0xe5, 0x6b, 0x4a, 0x1, 0xfc, 0x5a, 0x94, 0x5c,
    0x1, 0xff, 0x48, 0x3, 0x80, 0x3f, 0xc3, 0xe2,
    0xcb, 0x20, 0x3f, 0xf3, 0x80, 0x1b, 0xcb, 0x65,
    0xec, 0x1, 0x11, 0x18, 0x2, 0xf, 0xc, 0x20,
    0x80, 0x5d, 0xea, 0x50, 0xcd, 0x30, 0xc, 0xfc,
    0x1, 0x35, 0x80,

    /* U+59CB "始" */
    0x0, 0xff, 0xe3, 0x37, 0x80, 0x75, 0x70, 0x80,
    0x7b, 0x88, 0x3, 0x12, 0xb8, 0x80, 0x71, 0xa0,
    0x99, 0x80, 0x16, 0x30, 0x5c, 0x80, 0x4, 0xc3,
    0x36, 0x60, 0x8d, 0xac, 0x49, 0x28, 0x41, 0x30,
    0x26, 0x80, 0xf9, 0x18, 0xd3, 0x6, 0x0, 0xe,
    0xc, 0x0, 0x82, 0x4c, 0xc5, 0xc8, 0xb1, 0x6,
    0x18, 0x69, 0x54, 0x55, 0xef, 0x7f, 0x18, 0x82,
    0x30, 0x22, 0xd, 0x4, 0x19, 0x51, 0x1c, 0x60,
    0xcb, 0x7, 0x81, 0xb7, 0x7e, 0x50, 0x5, 0x4b,
    0x82, 0x0, 0x23, 0xff, 0x8, 0x6, 0x71, 0xa,
    0x0, 0xff, 0xe0, 0x50, 0x52, 0x20, 0x3, 0xf8,
    0x71, 0x29, 0x75, 0x2, 0x3f, 0xf0, 0x80, 0x5,
    0xf1, 0x0, 0x80, 0xb, 0x55, 0x84, 0x0,

    /* U+5B57 "字" */
    0x0, 0xe1, 0x73, 0x0, 0xff, 0x86, 0x7c, 0x3,
    0xd7, 0xff, 0xc2, 0x7f, 0xfd, 0x2e, 0x51, 0x1f,
    0xe1, 0x30, 0x67, 0x7f, 0xf1, 0x84, 0xf1, 0xff,
    0xfd, 0xa5, 0x7c, 0xaa, 0x29, 0x9d, 0x2, 0xa,
    0x4c, 0x80, 0x1, 0x66, 0x92, 0xc6, 0x60, 0x3,
    0xfb, 0x8b, 0x58, 0x3, 0x77, 0xff, 0x18, 0xef,
    0xfe, 0xb8, 0x8f, 0x9, 0x44, 0x77, 0x33, 0xbf,
    0x13, 0x3b, 0xf2, 0x80, 0x7f, 0xf1, 0x4d, 0xdc,
    0x60, 0x1f, 0xe1, 0x88, 0x17, 0x80, 0x78,

    /* U+5B89 "安" */
    0x0, 0xf1, 0x0, 0x7f, 0xf0, 0x13, 0x58, 0x3,
    0xc6, 0xcd, 0x8c, 0x21, 0x9b, 0x8e, 0xe6, 0x74,
    0x0, 0xcc, 0xf5, 0x80, 0x3f, 0xeb, 0xaf, 0xfe,
    0x0, 0x78, 0x80, 0x55, 0x0, 0x1c, 0x20, 0x9a,
    0x66, 0x81, 0x53, 0x3e, 0xdb, 0xdc, 0xc9, 0xc1,
    0xf3, 0x3f, 0x6e, 0x90, 0x2f, 0x76, 0x13, 0xdd,
    0x88, 0x8e, 0x8c, 0x84, 0x45, 0x19, 0x22, 0x80,
    0x18, 0xd, 0x6a, 0x90, 0x8a, 0x1, 0xd3, 0xd0,
    0xf5, 0x61, 0x0, 0x1f, 0x9, 0x0, 0xc, 0x32,
    0xcc, 0x0, 0x4d, 0x5d, 0x41, 0x79, 0xcc, 0x99,
    0x64, 0xf2, 0xee, 0xbc, 0x40, 0x19, 0xe5, 0x41,
    0x5e, 0xd9, 0x40, 0xe, 0x1a, 0xe3,

    /* U+5B8C "完" */
    0x0, 0xf8, 0x84, 0x3, 0xff, 0x82, 0x5b, 0x0,
    0x1f, 0x95, 0xdf, 0x28, 0xb3, 0xbf, 0x20, 0x3,
    0xe2, 0x38, 0x42, 0x23, 0xb8, 0x2, 0x3f, 0xff,
    0xf0, 0x80, 0x72, 0x7f, 0xfe, 0x30, 0xd, 0x1c,
    0xb3, 0x3f, 0x8b, 0x60, 0x0, 0x44, 0x16, 0x6f,
    0xc2, 0x64, 0x0, 0xff, 0xff, 0xe1, 0x0, 0x26,
    0x68, 0x4, 0x99, 0x1, 0xcc, 0xe0, 0x3, 0x36,
    0xd, 0x66, 0xa, 0xb3, 0x60, 0xe, 0x40, 0x20,
    0xf, 0x88, 0x3, 0xc, 0x12, 0x0, 0x78, 0x74,
    0xc0, 0xdf, 0x8f, 0x80, 0x23, 0x46, 0x58, 0x2,
    0xd, 0x85, 0xf3, 0x0, 0xa8, 0xa6, 0x99, 0x82,
    0x1f, 0xea, 0x10, 0xc, 0xff, 0xfa, 0x40,

    /* U+5B9A "定" */
    0x0, 0xf8, 0x48, 0x3, 0xff, 0x85, 0xfc, 0x1,
    0xf8, 0xdd, 0xf8, 0x8e, 0x1d, 0xf3, 0x0, 0x2e,
    0x23, 0x8c, 0x1e, 0x23, 0x80, 0x21, 0xff, 0xff,
    0x30, 0x7, 0x13, 0xbf, 0xe5, 0x0, 0xd3, 0x8f,
    0x11, 0xfb, 0xa3, 0x0, 0x2, 0x4b, 0xff, 0x30,
    0xff, 0xd6, 0x24, 0x1, 0x9f, 0xc0, 0x3f, 0xf8,
    0x5a, 0x20, 0x10, 0xff, 0xe7, 0x0, 0xe4, 0x11,
    0x0, 0x53, 0x39, 0x0, 0x31, 0x88, 0x58, 0x0,
    0x59, 0xb1, 0x80, 0x68, 0x2a, 0x5b, 0x20, 0xf,
    0xe7, 0x48, 0x59, 0x44, 0xd, 0x44, 0x1d, 0xd0,
    0x61, 0x4c, 0xa0, 0xdc, 0xe6, 0x8e, 0xe8, 0x83,
    0x80, 0x32, 0x40, 0x21, 0x8c, 0xef, 0xfe, 0x30,

    /* U+5B9E "实" */
    0x0, 0xf4, 0x28, 0x7, 0xff, 0x1, 0x6c, 0x3,
    0xd1, 0xff, 0xc4, 0x3f, 0xfd, 0x20, 0x9, 0x9f,
    0xf0, 0x18, 0xb, 0x9, 0xb3, 0x3c, 0x99, 0xa1,
    0xc, 0x80, 0xfa, 0x92, 0x62, 0x0, 0xa3, 0x91,
    0x92, 0x2f, 0x80, 0x6, 0x1, 0x32, 0x3, 0xdd,
    0x23, 0xb0, 0x8, 0x7, 0x9e, 0x55, 0x40, 0x60,
    0xa0, 0x1c, 0x46, 0xb2, 0xc7, 0x80, 0x46, 0x7d,
    0xd9, 0x89, 0xcc, 0x20, 0x66, 0x76, 0xe7, 0xfe,
    0x40, 0xc8, 0xdf, 0xfb, 0x80, 0x22, 0xc4, 0x91,
    0x9d, 0xb4, 0x0, 0xa, 0xde, 0x95, 0x31, 0x75,
    0x3d, 0xe1, 0xad, 0x34, 0x72, 0x80, 0x4b, 0x96,
    0x36, 0x9d, 0xae, 0x1, 0xf2, 0x6c, 0x0,

    /* U+5BA1 "审" */
    0x0, 0xf3, 0xb8, 0x3, 0xff, 0x81, 0x90, 0x20,
    0x1d, 0x1f, 0xfc, 0x81, 0xdf, 0xfb, 0x40, 0x11,
    0x19, 0xda, 0x23, 0x10, 0x7a, 0x3b, 0xe1, 0x77,
    0xe5, 0x77, 0x42, 0xae, 0x21, 0x55, 0xdb, 0x41,
    0x55, 0xc8, 0x15, 0x5a, 0xc0, 0x22, 0xff, 0x98,
    0x7f, 0xe6, 0x0, 0xc5, 0xbb, 0x30, 0xee, 0xcc,
    0x1, 0x86, 0x22, 0x40, 0x88, 0x90, 0x3, 0x1a,
    0xac, 0x42, 0xab, 0x10, 0x6, 0x2f, 0xf9, 0x87,
    0xfe, 0x60, 0xc, 0x35, 0x52, 0x5, 0x54, 0x80,
    0x15, 0x51, 0x56, 0x21, 0x55, 0xa6, 0x80, 0x6,
    0x80, 0x1f, 0x89, 0x0,

    /* U+5BC6 "密" */
    0x0, 0xf0, 0xb9, 0x0, 0x7e, 0x11, 0xe3, 0x8b,
    0x11, 0xf0, 0x3, 0xfb, 0xb6, 0x83, 0x77, 0x74,
    0x0, 0x4b, 0x98, 0x94, 0xbc, 0xc5, 0xe6, 0x0,
    0x38, 0x8c, 0xca, 0x16, 0xa1, 0x56, 0x62, 0x1,
    0x78, 0xbb, 0x6d, 0xd7, 0xe2, 0x5c, 0xfc, 0x80,
    0x9, 0x88, 0x0, 0x5c, 0xcf, 0x4e, 0x9a, 0x0,
    0x1c, 0x55, 0x8, 0xb4, 0x36, 0xe, 0xfc, 0xac,
    0x6, 0xf, 0xa0, 0x0, 0xdf, 0xb8, 0x65, 0xbe,
    0x7, 0xe, 0xdb, 0xab, 0x5b, 0x9b, 0xc0, 0x34,
    0x3, 0xda, 0xd2, 0x22, 0x3f, 0x22, 0x6, 0x4c,
    0x2, 0x2d, 0x80, 0xf, 0xcc, 0xc0, 0xf, 0xfe,
    0x9, 0x80, 0x7c, 0x5f, 0xf0, 0x3f, 0xfb, 0x40,
    0x3d, 0x53, 0x3f, 0xa0, 0x3, 0x0,

    /* U+5BF9 "对" */
    0x0, 0xff, 0xe0, 0x65, 0x0, 0x48, 0xab, 0xc4,
    0x1, 0xfd, 0xd1, 0x1a, 0xa8, 0x1, 0xfd, 0x5b,
    0xb7, 0x7, 0x7f, 0xe3, 0x5f, 0x70, 0x0, 0x80,
    0x10, 0x16, 0x23, 0x9, 0x42, 0x2, 0xf2, 0x86,
    0x9, 0xbb, 0xe2, 0x77, 0x18, 0x2a, 0x53, 0xa2,
    0x2, 0x64, 0x1, 0xfa, 0xd6, 0x3, 0xc3, 0xd8,
    0xc0, 0x3f, 0x50, 0x81, 0x83, 0x14, 0x80, 0x7e,
    0x51, 0x9, 0x30, 0xa0, 0xf, 0xc3, 0x65, 0xa3,
    0xa0, 0xf4, 0x1, 0xe1, 0xd1, 0xe2, 0xb7, 0x0,
    0xfc, 0x38, 0x72, 0x60, 0xb2, 0x3, 0x12, 0x66,
    0x0, 0xa, 0x53, 0x0, 0x70, 0xb3, 0xe, 0x80,
    0x0,

    /* U+5BFC "导" */
    0xd, 0xff, 0xff, 0x10, 0x6, 0x3b, 0xbf, 0x9c,
    0x3, 0xce, 0xcd, 0xf7, 0x0, 0x79, 0x37, 0x7e,
    0x90, 0xf, 0x27, 0x77, 0xf2, 0x18, 0x1, 0x95,
    0x14, 0x8b, 0x95, 0x26, 0x80, 0x12, 0xb7, 0x6c,
    0xce, 0xbb, 0x24, 0x0, 0xa, 0xfb, 0xff, 0x95,
    0xfa, 0xc4, 0x3f, 0xff, 0x95, 0xff, 0xe0, 0x99,
    0x30, 0x44, 0xce, 0x13, 0x99, 0x81, 0x99, 0xa1,
    0x6c, 0xd8, 0xd9, 0xb0, 0x4, 0x98, 0x76, 0x1,
    0xff, 0xc0, 0x3b, 0xf4, 0x42, 0x98, 0x7, 0xf2,
    0x23, 0x2e, 0x8f, 0x80, 0x30,

    /* U+5C06 "将" */
    0x0, 0xff, 0xe3, 0xbf, 0x80, 0x43, 0x9c, 0x64,
    0x40, 0x8, 0x40, 0x38, 0xf0, 0xc7, 0x37, 0x58,
    0x3, 0xcc, 0x0, 0x1b, 0xc4, 0xdf, 0xf3, 0x7,
    0x80, 0xcc, 0xac, 0x7, 0x34, 0xfc, 0xa9, 0xa8,
    0xc0, 0xc, 0xee, 0x0, 0x39, 0x49, 0xea, 0x62,
    0x80, 0x68, 0xc0, 0x18, 0xdc, 0x8, 0xc8, 0x40,
    0xf, 0x84, 0xd2, 0xf9, 0xcd, 0x4, 0x3, 0x1c,
    0x82, 0xa9, 0xeb, 0xb9, 0xe1, 0x5c, 0x40, 0xb8,
    0x20, 0xf2, 0xf3, 0x33, 0x2, 0xc9, 0x95, 0x34,
    0x1, 0x33, 0x3d, 0xdd, 0x21, 0xee, 0x25, 0x72,
    0x1, 0xc, 0xba, 0x0, 0x7c, 0x80, 0x1c, 0xc7,
    0xa0, 0x1f, 0xfc, 0x2c, 0xb6, 0x60, 0x7, 0xff,
    0x4, 0x66, 0x11, 0x0, 0x0,

    /* U+5C1A "尚" */
    0x5, 0x40, 0xb, 0x2c, 0x2, 0x67, 0x0, 0x65,
    0x98, 0x7, 0x8a, 0x78, 0x1, 0x25, 0xc0, 0x1e,
    0xe2, 0x90, 0xb, 0xa8, 0x3, 0x85, 0x70, 0x2,
    0xfc, 0x8f, 0xf1, 0xa7, 0xf3, 0x77, 0x88, 0x1,
    0x66, 0x7f, 0x30, 0x6, 0xc6, 0x6f, 0xd8, 0x1,
    0xee, 0xff, 0xdc, 0x1, 0xfc, 0xfb, 0xa7, 0x0,
    0xff, 0x71, 0x13, 0xc0, 0x3f, 0xd3, 0xdc, 0x80,
    0xf, 0xf2, 0xdd, 0xaa, 0xc0, 0x3f, 0x37, 0x2a,
    0xc2, 0xde, 0x1, 0xe8, 0x40, 0x8, 0x65, 0x1c,
    0x40,

    /* U+5C1D "尝" */
    0x1, 0xa6, 0x0, 0x66, 0x0, 0xb, 0x44, 0x0,
    0x12, 0x93, 0x0, 0xc7, 0x44, 0x40, 0x8d, 0x60,
    0xed, 0x33, 0x6e, 0x81, 0x76, 0x4, 0xa2, 0x6e,
    0xd3, 0x2b, 0x89, 0xb2, 0x20, 0xb, 0x37, 0xf8,
    0x42, 0xa3, 0xff, 0xfb, 0x6f, 0x8d, 0xaa, 0xbf,
    0xa1, 0x50, 0x88, 0xef, 0xfe, 0x22, 0x6e, 0xff,
    0xf0, 0x73, 0x35, 0x0, 0xde, 0x5b, 0xd6, 0x63,
    0x4c, 0xe9, 0xd, 0x43, 0x56, 0x82, 0x33, 0x0,
    0x2c, 0xec, 0xc0, 0x3, 0x45, 0x80, 0x16, 0xa0,
    0xc6, 0xf7, 0xfa, 0xc0, 0xa8, 0x0, 0x24, 0xac,
    0xb3, 0x2b, 0xcd, 0x75, 0x30, 0xcd, 0xba, 0x87,
    0x64, 0x32, 0x8e, 0x30,

    /* U+5C42 "层" */
    0x0, 0x77, 0xff, 0xfc, 0x60, 0x19, 0x6e, 0xff,
    0x40, 0x7, 0x89, 0x13, 0xf1, 0x80, 0x79, 0xff,
    0xff, 0x58, 0x7, 0xa, 0x5d, 0xff, 0x88, 0x3,
    0x1a, 0x0, 0x7f, 0x8, 0x7, 0xae, 0xff, 0x50,
    0x7, 0x78, 0x7f, 0xfe, 0xe0, 0x8, 0x40, 0x55,
    0x7f, 0xe0, 0x1, 0x1, 0x55, 0x7f, 0xc0, 0x5,
    0x5, 0xff, 0x30, 0x67, 0xfa, 0x2b, 0xfc, 0x0,
    0xc1, 0x10, 0x23, 0x41, 0x80, 0x36, 0x84, 0x2,
    0x57, 0x2, 0xa2, 0x23, 0x3c, 0x0, 0x28, 0x0,
    0x81, 0x41, 0x42, 0x55, 0x76, 0x30, 0x54, 0x50,
    0x4c, 0x30, 0x9d, 0xff, 0x6e, 0x5d, 0x52, 0x10,
    0x0,

    /* U+5C4F "屏" */
    0x0, 0x6f, 0xff, 0xfc, 0xc0, 0x19, 0x2e, 0xff,
    0x48, 0x7, 0x85, 0x13, 0xf2, 0x80, 0x79, 0x7f,
    0xff, 0x60, 0x7, 0x93, 0x28, 0xeb, 0x32, 0x64,
    0xb7, 0x0, 0x8c, 0x8d, 0x47, 0x4c, 0xc4, 0xc4,
    0x82, 0x1, 0xd9, 0xe4, 0xff, 0xee, 0x6, 0xfa,
    0x0, 0x87, 0xbe, 0xd4, 0x2e, 0xd0, 0x11, 0x72,
    0x1, 0x84, 0xd3, 0x45, 0x12, 0x4, 0x41, 0x80,
    0x8, 0x0, 0xcc, 0xc1, 0x66, 0x58, 0x5b, 0x30,
    0x0, 0xe0, 0x77, 0x64, 0xb, 0xb3, 0x3, 0x5d,
    0x88, 0x30, 0x57, 0x78, 0x1f, 0x76, 0xd, 0xd8,
    0x85, 0x9c, 0x17, 0x4a, 0x40, 0x3f, 0x19, 0x40,
    0xcb, 0xe0, 0x80, 0x7e, 0x2d, 0x11, 0x64, 0x88,
    0x4, 0x7e, 0x60, 0x10,

    /* U+5DF2 "已" */
    0x2f, 0xff, 0xf9, 0xc0, 0x7, 0x11, 0xfe, 0x0,
    0xc2, 0xef, 0xfc, 0xc0, 0x1c, 0x6a, 0x1, 0xff,
    0xc1, 0xab, 0x0, 0xff, 0xe1, 0x91, 0x7e, 0x0,
    0xf0, 0xee, 0xfd, 0x80, 0x1f, 0x5d, 0xfe, 0x74,
    0x0, 0xc2, 0x89, 0xfa, 0xc, 0x3, 0xff, 0x87,
    0x44, 0x1, 0xff, 0xc0, 0x25, 0x40, 0x0, 0x80,
    0x7f, 0x20, 0x28, 0x78, 0x53, 0xbf, 0xd3, 0x22,
    0x30, 0x66, 0x24, 0x47, 0xce, 0x9e, 0x0,

    /* U+5E03 "布" */
    0x0, 0xf2, 0x90, 0x7, 0xff, 0x4, 0x6a, 0x80,
    0x1f, 0xc2, 0x39, 0x83, 0x4, 0x7e, 0x0, 0x77,
    0x68, 0xb, 0xee, 0xf8, 0x1, 0x55, 0x30, 0x3d,
    0x34, 0x55, 0x70, 0x1, 0x56, 0x73, 0x85, 0x6f,
    0x55, 0xe0, 0xd, 0x3, 0xe0, 0x1f, 0xfc, 0x5,
    0x70, 0xcf, 0xf0, 0x3f, 0xfe, 0x30, 0x3, 0x50,
    0x2, 0x26, 0x40, 0x93, 0x26, 0x0, 0x92, 0x4d,
    0xc1, 0xd9, 0x80, 0x6c, 0xcd, 0x0, 0x91, 0xb3,
    0xc0, 0x3f, 0xf8, 0x32, 0x1, 0xff, 0xcc, 0x48,
    0xf0, 0x10, 0xf, 0xfe, 0x2, 0x3c, 0x10, 0x6,
    0x7f, 0x0, 0xe4, 0xcc, 0x38, 0x0,

    /* U+5E55 "幕" */
    0xd, 0xff, 0xff, 0xe0, 0x70, 0x1, 0xcc, 0xc4,
    0x6, 0x78, 0x8, 0xcc, 0xa0, 0xa, 0xce, 0xa0,
    0xfe, 0xe4, 0xd, 0xf6, 0xd8, 0x4, 0x9b, 0x67,
    0xfd, 0xc8, 0x2a, 0xd6, 0x0, 0xf2, 0x5d, 0xfc,
    0x1, 0xfb, 0x8c, 0xfe, 0x0, 0xfd, 0x15, 0x5f,
    0x0, 0x71, 0xbe, 0x69, 0x86, 0xef, 0x62, 0x18,
    0xe, 0x66, 0x21, 0xcc, 0xfc, 0x22, 0xfe, 0x30,
    0xbf, 0x35, 0xfc, 0x14, 0xef, 0x11, 0x4f, 0x18,
    0x5f, 0x9a, 0xfe, 0xa, 0x75, 0x10, 0x24, 0xb1,
    0x6e, 0x8d, 0x37, 0x4a, 0x54, 0x24, 0x3a, 0xc0,
    0x2, 0x20, 0x9, 0x30, 0x89, 0x6c, 0x3, 0xb,
    0x0, 0x74, 0x3c, 0x80, 0x40,

    /* U+5E95 "底" */
    0x0, 0xf8, 0x58, 0x3, 0xff, 0x84, 0x72, 0xe0,
    0x1f, 0xbf, 0xfb, 0x42, 0x3f, 0xf8, 0xc0, 0x26,
    0xaa, 0xff, 0x88, 0x2, 0xf5, 0x76, 0x10, 0x3d,
    0xf8, 0xd5, 0x10, 0xc, 0x5b, 0x97, 0x52, 0xe1,
    0x5a, 0x1, 0x8, 0x6, 0xbf, 0xf4, 0x5, 0x3a,
    0x80, 0x71, 0x80, 0x1c, 0x0, 0x40, 0x20, 0x1c,
    0x60, 0x1b, 0x3b, 0x94, 0x1d, 0xd5, 0x0, 0x4,
    0x18, 0x0, 0xf7, 0x69, 0x5, 0xbb, 0x70, 0x1,
    0xc0, 0x40, 0x16, 0xaa, 0x73, 0x5, 0x52, 0x0,
    0xc, 0x8, 0x3, 0x5c, 0xa2, 0x80, 0x14, 0x1,
    0x86, 0x1, 0x33, 0x9, 0xe8, 0x1c, 0x2d, 0x5,
    0x2c, 0x14, 0x2a, 0x34, 0x51, 0xe2, 0x45, 0x48,
    0x58, 0x3d, 0xaf, 0x91, 0x82, 0x19, 0xd8, 0x4f,
    0x84, 0x22, 0x50, 0x1, 0xc, 0x13, 0xd2, 0x0,

    /* U+5F53 "当" */
    0x2, 0x20, 0x5, 0xd4, 0x1, 0x21, 0x80, 0x3f,
    0xc0, 0x1f, 0xab, 0xc0, 0x1c, 0x50, 0x1, 0xe7,
    0x1f, 0x0, 0x1a, 0xb8, 0x80, 0x61, 0x86, 0x30,
    0xa, 0xf4, 0x40, 0x30, 0xd4, 0x80, 0x5b, 0xdb,
    0xfe, 0x15, 0xff, 0x57, 0xf0, 0x2, 0x9d, 0xff,
    0x88, 0x2, 0x78, 0x8f, 0xe7, 0x0, 0x89, 0x9b,
    0xfc, 0x1, 0x34, 0xcf, 0xf1, 0x80, 0x49, 0xff,
    0xfc, 0xa0, 0x1f, 0xfc, 0x42, 0xff, 0xff, 0x28,
    0x0, 0xdd, 0xff, 0xc4, 0x0,

    /* U+5FAA "循" */
    0x0, 0x98, 0xc0, 0x3e, 0x43, 0x0, 0xcb, 0x2c,
    0x4d, 0x15, 0x9d, 0xf7, 0xc2, 0x0, 0x3a, 0x65,
    0x49, 0x33, 0x59, 0x97, 0xe8, 0x81, 0x62, 0x40,
    0x0, 0x6e, 0x5d, 0x98, 0x1, 0x8a, 0x2e, 0xb4,
    0x45, 0xff, 0x22, 0x3f, 0xe4, 0x7, 0x54, 0x81,
    0xb, 0xb8, 0x92, 0xee, 0x50, 0x3a, 0x15, 0x11,
    0x23, 0x30, 0xc9, 0x98, 0xa2, 0x58, 0x1, 0xc9,
    0xba, 0x16, 0xdd, 0x38, 0x19, 0x30, 0x3, 0xcc,
    0x1, 0xdf, 0xf0, 0x4, 0x3b, 0xc0, 0x10, 0x80,
    0x3b, 0xfe, 0x0, 0xfc, 0x20, 0x17, 0x7f, 0xc0,
    0x1f, 0x89, 0x80, 0x1f, 0xdd, 0x0, 0x7e, 0x62,
    0x0, 0x67, 0xfc, 0x1, 0xf0, 0x96, 0x80, 0x3f,
    0x76, 0x0, 0xf8, 0xc5, 0x0, 0x11, 0x33, 0x0,
    0x73, 0xf1, 0x70, 0xa7, 0xaa, 0xef, 0x60,

    /* U+6062 "恢" */
    0x0, 0xff, 0xe3, 0x37, 0x0, 0x47, 0xe4, 0x1,
    0xff, 0xc0, 0x15, 0x3, 0x11, 0xe0, 0x1, 0xf0,
    0xd4, 0x74, 0x87, 0x77, 0x80, 0x1c, 0x62, 0xc1,
    0x86, 0x6c, 0xc4, 0x5e, 0x60, 0x0, 0x42, 0x16,
    0x66, 0x24, 0x33, 0x40, 0x19, 0x80, 0x83, 0x41,
    0x78, 0x87, 0x28, 0xc1, 0xda, 0x1, 0x8c, 0x40,
    0x95, 0x1, 0x54, 0x0, 0x1d, 0x0, 0x26, 0x0,
    0x6d, 0x44, 0x13, 0x81, 0xa5, 0x80, 0x78, 0x93,
    0xbe, 0xb0, 0x50, 0x8c, 0x3, 0xd2, 0x2b, 0x4e,
    0xa2, 0x18, 0x1, 0xe6, 0x4b, 0x0, 0x31, 0x1c,
    0x8, 0x7, 0x9e, 0x14, 0xe, 0x5f, 0x4e, 0x0,
    0x3c, 0x2e, 0x33, 0x87, 0x3, 0x6f, 0x40, 0x1f,
    0xa, 0x3e, 0x0, 0x17, 0x0, 0x33, 0x70, 0x5,
    0xb0, 0x1, 0x8e, 0x80,

    /* U+60A8 "您" */
    0x0, 0xc8, 0x20, 0x62, 0x1, 0xfe, 0x4b, 0x51,
    0xc9, 0x0, 0xff, 0x52, 0x21, 0x81, 0xff, 0xfb,
    0x80, 0x2a, 0x1f, 0x38, 0x7c, 0xbb, 0xc2, 0xe0,
    0xa, 0x50, 0x7, 0x9c, 0x18, 0x5b, 0x38, 0xd8,
    0x1a, 0xb0, 0x3, 0xb9, 0x28, 0x0, 0x1b, 0xb1,
    0x1, 0xec, 0x0, 0x9, 0xd9, 0xc0, 0x2, 0x74,
    0x20, 0x2, 0x0, 0x8e, 0x94, 0xc0, 0x2a, 0x19,
    0x0, 0xf0, 0xad, 0x36, 0x80, 0x6, 0x3c, 0x3,
    0xc5, 0x4b, 0xa8, 0xc4, 0xe, 0xe0, 0x8, 0xbc,
    0x90, 0x61, 0xf6, 0x41, 0x58, 0x2, 0x1c, 0x7b,
    0xe1, 0xf2, 0xa0, 0x6, 0xc8, 0x80, 0x18, 0x18,
    0x2, 0x2a, 0xe0, 0xdf, 0x8, 0x0, 0x4a, 0x8,
    0x9d, 0x54, 0x22, 0x82, 0x23, 0x30, 0x1, 0x70,
    0x12, 0x75, 0x59, 0xd1, 0x6f, 0x40,

    /* U+60C5 "情" */
    0x0, 0xff, 0xe3, 0x37, 0x0, 0x91, 0x55, 0xc4,
    0x58, 0x3, 0xcd, 0xbb, 0x28, 0xee, 0xd8, 0x1,
    0x8, 0xb5, 0xbb, 0xa6, 0x1e, 0xec, 0x0, 0xcc,
    0xb, 0x47, 0x74, 0xc3, 0xdd, 0x40, 0x0, 0x88,
    0x1f, 0xdb, 0xb2, 0x8e, 0xed, 0x42, 0x37, 0x2,
    0x4e, 0xec, 0xa3, 0xbb, 0x9d, 0x8, 0x40, 0x1d,
    0x99, 0xfb, 0xd9, 0x7c, 0x3, 0x76, 0x6e, 0xf6,
    0x18, 0x0, 0x80, 0x39, 0xb3, 0x35, 0x0, 0x7f,
    0x9b, 0x77, 0x58, 0x7, 0xf9, 0xbb, 0xb5, 0x80,
    0x7f, 0x9b, 0xbb, 0x58, 0x7, 0xf9, 0xff, 0xeb,
    0x90, 0xf, 0xfe, 0x15, 0x49, 0x98, 0x0,

    /* U+610F "意" */
    0x0, 0xf8, 0xcc, 0x1, 0xf8, 0xcf, 0xbf, 0x4c,
    0xf8, 0x2, 0xcc, 0xe3, 0x1c, 0xce, 0x10, 0x7,
    0xfa, 0x47, 0xbf, 0xe1, 0x5f, 0xf0, 0x85, 0xff,
    0xa4, 0x7b, 0xfe, 0x15, 0xff, 0x70, 0x4e, 0x5d,
    0xff, 0xb3, 0x40, 0x8e, 0xae, 0xff, 0x88, 0xc0,
    0x33, 0xff, 0xfa, 0x80, 0x3e, 0x7e, 0xef, 0x50,
    0x7, 0xcf, 0xdd, 0xea, 0x0, 0xf1, 0xb7, 0x73,
    0xfb, 0xab, 0x10, 0xc, 0x75, 0x8f, 0x44, 0x4d,
    0xee, 0x39, 0x0, 0x5f, 0x62, 0xcf, 0xaa, 0xb2,
    0x6, 0x90, 0x49, 0xf8, 0x1, 0xe, 0x96, 0x7a,
    0x4e, 0x43, 0x28, 0xcc, 0x91, 0x99, 0x14, 0x87,
    0x48,

    /* U+6210 "成" */
    0x0, 0xff, 0xe6, 0x3f, 0x96, 0xc9, 0x0, 0x7f,
    0xf0, 0xf, 0xf, 0x4, 0x2, 0xff, 0xf4, 0x7,
    0x71, 0x47, 0x8c, 0x2, 0x38, 0x8c, 0xa0, 0xd1,
    0x18, 0x80, 0x24, 0x77, 0xd2, 0x1a, 0xec, 0xae,
    0x20, 0x11, 0xb3, 0x46, 0x40, 0x41, 0x3a, 0x20,
    0x19, 0x26, 0x6b, 0x10, 0xe0, 0x65, 0x10, 0x0,
    0x84, 0x7f, 0x84, 0x0, 0x46, 0xc3, 0xc0, 0x11,
    0x80, 0x80, 0x7, 0xc1, 0x16, 0x11, 0x0, 0x10,
    0x81, 0x0, 0x42, 0x18, 0x22, 0x90, 0xc, 0xc0,
    0x6, 0x80, 0x30, 0xc0, 0x52, 0xe, 0x20, 0xc0,
    0x48, 0x75, 0x4a, 0x61, 0x52, 0x20, 0x8c, 0xc8,
    0x1d, 0xfd, 0xeb, 0x1e, 0x39, 0x20, 0x66, 0x18,
    0x0, 0x98, 0xf1, 0xc7, 0x4d, 0x24, 0xb, 0x8c,
    0x2, 0x2d, 0x30, 0x1, 0xef, 0xb0, 0x0,

    /* U+6216 "或" */
    0x0, 0xff, 0xe6, 0x2f, 0xa4, 0x62, 0x80, 0x7f,
    0x84, 0x1, 0x17, 0x48, 0x0, 0xef, 0xff, 0x58,
    0x5f, 0xc0, 0x58, 0x2, 0x62, 0x3c, 0xe0, 0x91,
    0x18, 0x0, 0xe6, 0x7c, 0xb0, 0x18, 0xec, 0x2c,
    0x0, 0x1b, 0xbf, 0x0, 0xf0, 0x44, 0x98, 0x6,
    0xbf, 0xf1, 0x0, 0x9, 0x45, 0x90, 0x80, 0x3f,
    0xca, 0x72, 0x1e, 0x1, 0xd5, 0xba, 0x20, 0x7,
    0x83, 0xa2, 0x0, 0x21, 0x98, 0xbb, 0x4d, 0x2,
    0x0, 0x24, 0x4, 0x2, 0x66, 0x28, 0x7f, 0x5,
    0x81, 0x10, 0x38, 0xc2, 0x73, 0xf2, 0x51, 0xe9,
    0x88, 0x8a, 0x20, 0x11, 0x3b, 0xaf, 0xb8, 0xeb,
    0x3a, 0x35, 0x40, 0x30, 0xbb, 0x42, 0x8, 0xd6,
    0xc1, 0x86, 0x90, 0x1, 0xf1, 0x62, 0x0, 0xb,
    0x3d, 0xc0,

    /* U+6237 "户" */
    0x0, 0xf9, 0xc, 0x3, 0xff, 0x81, 0x50, 0x1,
    0xff, 0xc0, 0x64, 0x10, 0xf, 0x37, 0xfe, 0x70,
    0xef, 0xfa, 0x0, 0x34, 0x4c, 0xfc, 0x1, 0xe6,
    0x6f, 0xc0, 0x18, 0x40, 0x3f, 0xf8, 0x7d, 0xdf,
    0x80, 0x37, 0x84, 0x4c, 0xfc, 0x1, 0x88, 0x8e,
    0xff, 0x9b, 0x40, 0xc, 0xe0, 0x1f, 0xa5, 0x40,
    0x4f, 0x40, 0x3f, 0xe4, 0x4, 0x0, 0xff, 0xa0,
    0x8c, 0x3, 0xfc, 0x65, 0x0, 0x1f, 0xf1, 0xea,
    0x80, 0x7f, 0xc0,

    /* U+6240 "所" */
    0x0, 0xff, 0xe3, 0x92, 0xcf, 0x30, 0x0, 0x9a,
    0xba, 0x0, 0xd, 0xfb, 0x48, 0xe4, 0xdf, 0xb2,
    0xee, 0xc0, 0x0, 0x86, 0x7e, 0xca, 0x8, 0x67,
    0xec, 0xa0, 0x6, 0x56, 0x68, 0x40, 0x6, 0x1,
    0xfa, 0x67, 0x10, 0x7, 0xfd, 0xfe, 0xc0, 0xd,
    0xff, 0xca, 0x1, 0xfe, 0xbb, 0x2, 0xda, 0x0,
    0x5f, 0xec, 0x0, 0x78, 0x22, 0x4, 0x90, 0x43,
    0xc2, 0x67, 0x10, 0x88, 0x3, 0xe1, 0x26, 0x6c,
    0x2a, 0xa0, 0xf, 0x89, 0x80, 0x30, 0x9e, 0x0,
    0x7c, 0xa4, 0x1, 0xa4, 0x14, 0x3, 0xc8, 0x34,
    0x1, 0x1b, 0xa9, 0x0, 0x79, 0xcc, 0xc0, 0x13,
    0x95, 0x80, 0x7c, 0x78, 0x1, 0x93, 0x44, 0x2,
    0xe8, 0x0, 0x0,

    /* U+626B "扫" */
    0x0, 0xb6, 0x40, 0x3f, 0xf8, 0x87, 0x99, 0xf3,
    0x3, 0x30, 0xd5, 0x99, 0x55, 0xe3, 0x11, 0x4c,
    0x84, 0xe7, 0x19, 0xbc, 0x20, 0x3f, 0xe2, 0x6f,
    0x90, 0xf, 0xfe, 0x79, 0x2a, 0x6f, 0xff, 0x8,
    0xb, 0x51, 0x25, 0x65, 0xc4, 0x70, 0x5, 0x2e,
    0x9, 0xf0, 0xce, 0xfc, 0x20, 0x3d, 0xa4, 0x40,
    0xf, 0xf8, 0x40, 0x3f, 0xf8, 0xe2, 0x89, 0xe1,
    0x0, 0x1a, 0x98, 0x1, 0x2e, 0xfc, 0x1, 0x25,
    0x1e, 0x82, 0xf7, 0x78, 0x40, 0xf, 0xfa, 0x80,
    0x1, 0x1f, 0x73, 0x80,

    /* U+627E "找" */
    0x0, 0xf, 0xa8, 0x5, 0x1a, 0x10, 0x80, 0x1f,
    0xfc, 0x2, 0x0, 0x5a, 0x80, 0x48, 0x80, 0xd4,
    0x0, 0x78, 0x2, 0x1b, 0x0, 0x7, 0x74, 0xf,
    0x68, 0x5e, 0x11, 0x3, 0x5d, 0x3, 0xed, 0x9,
    0xed, 0xd3, 0x83, 0xab, 0x31, 0x40, 0x2, 0x60,
    0x63, 0x76, 0xa0, 0xad, 0xcf, 0x80, 0xe, 0xd7,
    0x4, 0x50, 0xd0, 0x7a, 0x20, 0x17, 0xa0, 0x79,
    0x10, 0x1, 0x19, 0x43, 0x10, 0x14, 0x38, 0x47,
    0x18, 0x1, 0x17, 0x86, 0x0, 0x7, 0xfa, 0x4,
    0x1, 0xb0, 0x4f, 0x44, 0x3, 0xfc, 0x50, 0x8,
    0x61, 0x86, 0x1, 0xf3, 0x69, 0x99, 0x10, 0x6,
    0xe0, 0x8e, 0x1, 0x6c, 0xa7, 0xe8, 0xde, 0x82,
    0x87, 0xc9, 0xa0, 0x75, 0x58, 0x8b, 0xc, 0x9c,
    0x42, 0xff, 0x4, 0xd, 0x40, 0x22, 0xcf, 0x80,

    /* U+62A4 "护" */
    0x0, 0xf, 0xa8, 0x6, 0x3d, 0x40, 0xf, 0xfe,
    0x1, 0xb5, 0x8, 0x4, 0x88, 0xc, 0x40, 0x99,
    0x80, 0x17, 0x32, 0x2b, 0xa0, 0x6b, 0x17, 0x43,
    0x14, 0x4, 0x72, 0xed, 0x8, 0xe1, 0x4, 0xaa,
    0xca, 0x0, 0x13, 0x2, 0x10, 0xf, 0xfe, 0x9,
    0xa8, 0xa, 0xbb, 0xe4, 0x0, 0x1c, 0x84, 0xd1,
    0x1, 0xc4, 0x63, 0x4, 0xc5, 0x7, 0xe3, 0x8,
    0xff, 0xd2, 0x88, 0xec, 0xd, 0x12, 0x3, 0x0,
    0xcd, 0x40, 0x20, 0x19, 0x1, 0x40, 0x3f, 0xf8,
    0x14, 0x42, 0x1, 0xf2, 0xc8, 0x2, 0xa, 0xc0,
    0x3f, 0x6b, 0x9a, 0x72, 0x30, 0x7, 0xe8, 0xfc,
    0x16, 0xb0, 0xf, 0xc0,

    /* U+6301 "持" */
    0x0, 0x17, 0x98, 0x7, 0x73, 0x80, 0x7f, 0x85,
    0x9a, 0x1c, 0x66, 0x28, 0x0, 0xdc, 0x14, 0x89,
    0x33, 0x2, 0x4c, 0xc0, 0x39, 0x41, 0x3c, 0x7f,
    0xf0, 0xc7, 0xfb, 0x0, 0x7b, 0x2, 0xf5, 0x9b,
    0xe, 0x33, 0x46, 0x2, 0x20, 0x71, 0x99, 0xc0,
    0x93, 0x35, 0x80, 0x65, 0x57, 0xff, 0x89, 0xfe,
    0x1, 0x60, 0x26, 0x4a, 0xcd, 0xc6, 0x66, 0x22,
    0x52, 0x4, 0xe4, 0xcf, 0x85, 0x25, 0xb, 0x70,
    0x14, 0x32, 0xe3, 0xfe, 0x27, 0xf6, 0x2, 0x0,
    0xf4, 0x28, 0x7, 0xff, 0x5, 0x1a, 0xc0, 0x3e,
    0x4a, 0x0, 0xe8, 0xc5, 0x51, 0x0, 0x6c, 0x74,
    0x30, 0x8, 0x4a, 0x68, 0x6c, 0x2, 0x8f, 0xb0,
    0xf, 0x67, 0xf1, 0x80, 0x0,

    /* U+636E "据" */
    0x0, 0x1f, 0x90, 0x47, 0xff, 0xe0, 0xf, 0xc3,
    0x77, 0xcc, 0x1, 0x44, 0x85, 0xb8, 0x1, 0x13,
    0xb8, 0x0, 0x2a, 0x80, 0x98, 0x3, 0xff, 0xd0,
    0x0, 0x1d, 0xd0, 0x7d, 0x80, 0x2a, 0x8e, 0x13,
    0x54, 0x0, 0xf8, 0x44, 0xaa, 0xd0, 0x65, 0x50,
    0x7, 0x2b, 0x98, 0xff, 0xa8, 0x3f, 0xe3, 0x18,
    0xf0, 0x8d, 0x12, 0xbb, 0x38, 0x55, 0xd8, 0x81,
    0xc0, 0x19, 0x4e, 0xe4, 0x46, 0x82, 0xa2, 0x4,
    0x5f, 0xe0, 0x10, 0x22, 0x7f, 0xa8, 0x3f, 0xe0,
    0xf, 0x8, 0xb8, 0x22, 0xee, 0x70, 0xf, 0x9c,
    0x10, 0x11, 0x36, 0x80, 0x4b, 0x60, 0x76, 0x84,
    0x8, 0x9b, 0x40, 0x2f, 0x75, 0x33, 0x40, 0x2,
    0x6a, 0xa6, 0x0, 0xab, 0xe8, 0xb8, 0xc3, 0x7b,
    0xbc, 0x0,

    /* U+63A5 "接" */
    0x0, 0x27, 0x80, 0x73, 0x68, 0x80, 0x7f, 0xa7,
    0xfd, 0x25, 0xdf, 0xf0, 0x1, 0xb4, 0x1c, 0xea,
    0xe, 0xee, 0x47, 0xb0, 0x19, 0x60, 0x8b, 0x34,
    0x30, 0x47, 0x4c, 0x40, 0x1f, 0xa0, 0xe8, 0x21,
    0x3c, 0x28, 0x26, 0x21, 0x0, 0x8, 0x9, 0x6e,
    0x8d, 0xf5, 0xb, 0x74, 0xe0, 0x19, 0x7, 0xba,
    0x28, 0xee, 0xcc, 0xb, 0xe1, 0x74, 0xaa, 0x62,
    0x5, 0x5c, 0x44, 0xa5, 0xc, 0xc5, 0xda, 0x2,
    0x2e, 0xf5, 0x16, 0xd0, 0x1a, 0xfb, 0x8f, 0x7e,
    0x83, 0xfc, 0x1, 0x0, 0x63, 0x70, 0x92, 0xe1,
    0x90, 0xf, 0xc7, 0xd0, 0xba, 0x68, 0x20, 0x12,
    0xe8, 0x0, 0x9a, 0x68, 0x91, 0x97, 0x98, 0x1,
    0x8c, 0xc0, 0x68, 0x3b, 0xdb, 0x9e, 0x4d, 0x0,
    0x4f, 0xc8, 0x27, 0x5b, 0x90, 0x0, 0x6a, 0xc0,

    /* U+63CF "描" */
    0x0, 0xff, 0xe3, 0x27, 0x88, 0x5, 0xec, 0x0,
    0xf6, 0x0, 0xfc, 0x66, 0xf, 0x34, 0xe, 0x31,
    0x4, 0xc0, 0x74, 0xcc, 0x3, 0x65, 0x83, 0xe3,
    0x8d, 0xb8, 0x4f, 0x74, 0x11, 0xda, 0x11, 0xcc,
    0x37, 0x1, 0x50, 0x22, 0x1, 0x11, 0x0, 0x88,
    0x0, 0x86, 0x8, 0x44, 0x43, 0xe4, 0x53, 0xe4,
    0x0, 0xe4, 0x4a, 0xcd, 0xee, 0x8d, 0xe4, 0x0,
    0xde, 0x15, 0xc0, 0xf, 0xf0, 0x57, 0xb8, 0x0,
    0xa5, 0x42, 0xe8, 0x0, 0x22, 0x3, 0x11, 0x0,
    0xb, 0x68, 0x14, 0x2, 0xee, 0x4, 0xf3, 0x0,
    0x44, 0x1, 0xed, 0xd0, 0x46, 0xb0, 0x7, 0xf8,
    0x88, 0x4, 0x41, 0x0, 0x97, 0x40, 0x3b, 0xfc,
    0x15, 0xee, 0x1, 0x73, 0x30, 0x40, 0x2a, 0xae,
    0x40, 0xa, 0xfe, 0x40, 0xd, 0xca, 0xbd, 0x7a,
    0x0,

    /* U+652F "支" */
    0x0, 0xfb, 0xe0, 0x3, 0xf1, 0x17, 0x80, 0x48,
    0xb8, 0x40, 0x19, 0xbb, 0xc0, 0xdb, 0xbc, 0xc0,
    0xb, 0xaa, 0xe0, 0x4a, 0xae, 0x50, 0x2, 0xaf,
    0x80, 0xd5, 0x78, 0x80, 0x2, 0xef, 0xc0, 0x8e,
    0xf2, 0x80, 0x63, 0x88, 0xe0, 0x38, 0x8a, 0x84,
    0x2, 0x2f, 0x51, 0xef, 0xfd, 0x80, 0xe2, 0x1,
    0xd6, 0x1a, 0x1, 0xe, 0x8c, 0x0, 0x78, 0x6c,
    0xec, 0x4b, 0x3, 0x0, 0x3f, 0x2d, 0x26, 0x68,
    0x61, 0x0, 0x7e, 0x2d, 0x12, 0x0, 0x20, 0x80,
    0x62, 0x69, 0xdd, 0x3a, 0x5c, 0x84, 0xf6, 0x4b,
    0x3, 0x4b, 0xb4, 0x75, 0x23, 0x6d, 0xb8, 0x36,
    0x82, 0x6f, 0x5b, 0x88, 0x6, 0x48, 0xcf, 0xb0,

    /* U+6570 "数" */
    0x3, 0x70, 0xe7, 0x2a, 0x11, 0x69, 0x80, 0x71,
    0x41, 0x80, 0x38, 0xc5, 0x48, 0x80, 0x1d, 0x27,
    0x43, 0x8e, 0x2b, 0x80, 0xec, 0xd0, 0x81, 0x32,
    0x2, 0x1, 0x19, 0x82, 0x67, 0x10, 0x54, 0x90,
    0x1, 0xa5, 0x90, 0xfe, 0xc3, 0x8c, 0x17, 0x58,
    0x61, 0xf5, 0x80, 0xc0, 0xc4, 0x40, 0x36, 0xd2,
    0x0, 0xad, 0x84, 0x5, 0xd5, 0x0, 0xd, 0x5c,
    0x29, 0x99, 0xda, 0xcf, 0x17, 0x40, 0x28, 0xc7,
    0x4b, 0xca, 0x80, 0xa6, 0x7, 0x0, 0xb1, 0x4b,
    0xfc, 0x32, 0x0, 0x70, 0x41, 0x0, 0x85, 0xd,
    0xe8, 0xdc, 0x1, 0x20, 0xa2, 0x1, 0xf, 0x4c,
    0x2a, 0x80, 0xc, 0xee, 0xd, 0x0, 0x8e, 0x20,
    0x6e, 0xc9, 0x52, 0xd1, 0xa7, 0xa4, 0x3a, 0x95,
    0x91, 0xc4, 0xb3, 0x20, 0x3c, 0x1, 0x17, 0x62,
    0x80, 0x4d, 0xcc, 0x1, 0x1e, 0x98,

    /* U+6587 "文" */
    0x0, 0xf8, 0x84, 0x3, 0xff, 0x82, 0x3b, 0x40,
    0x1f, 0xfc, 0x11, 0x54, 0x30, 0xf, 0xb, 0xbf,
    0x80, 0xad, 0xdf, 0x84, 0xe2, 0x3c, 0xa4, 0xf1,
    0x1c, 0x44, 0xff, 0x48, 0x6f, 0xfe, 0xd0, 0x8f,
    0xf1, 0x80, 0x4c, 0x30, 0x1, 0xa0, 0x18, 0x3,
    0xe9, 0x53, 0x0, 0x12, 0xb8, 0x80, 0x7c, 0xe5,
    0xc2, 0x1e, 0x32, 0x1, 0xfd, 0xe5, 0x54, 0x2a,
    0x10, 0xf, 0xe2, 0x94, 0x57, 0x40, 0xf, 0xf1,
    0x50, 0x1, 0x50, 0x3, 0xf0, 0xc6, 0x9c, 0xd1,
    0xdc, 0x88, 0x6, 0x5a, 0xe7, 0x4e, 0x65, 0xf5,
    0x6e, 0xb5, 0x2, 0xa5, 0x56, 0x58, 0x80, 0x6,
    0xb1, 0x92, 0x88, 0x99, 0xd4, 0x60, 0x1e, 0x39,
    0xfd, 0x20,

    /* U+65B0 "新" */
    0x0, 0x8d, 0xc0, 0x3f, 0x18, 0x7, 0x3c, 0x18,
    0x4, 0x6d, 0x5f, 0x8c, 0x0, 0xff, 0x58, 0x67,
    0xf9, 0x32, 0xc2, 0x75, 0x80, 0x16, 0x71, 0x70,
    0x54, 0xe1, 0x94, 0xc4, 0x1, 0x20, 0x82, 0x79,
    0xa8, 0x7, 0xf1, 0xbe, 0x9a, 0xa1, 0xb8, 0x10,
    0x8e, 0x3, 0xc5, 0x56, 0x12, 0xe6, 0x3, 0x3b,
    0xb2, 0x1f, 0xfb, 0x82, 0xff, 0xd8, 0x15, 0x60,
    0xb6, 0xa0, 0x88, 0x70, 0x34, 0x40, 0x82, 0xa0,
    0x92, 0x9, 0x5d, 0xa4, 0x22, 0xec, 0x60, 0x1f,
    0x17, 0xc6, 0x85, 0xcf, 0x80, 0x80, 0x7c, 0xd2,
    0x60, 0x8, 0x6f, 0x20, 0xf, 0xc, 0x40, 0x0,
    0xf1, 0x6a, 0x80, 0x1e, 0x1b, 0x75, 0x0, 0x34,
    0x9e, 0x0, 0x7c, 0xa5, 0x64, 0x40, 0x75, 0x40,
    0xf, 0xc7, 0xfa, 0x20, 0x74, 0x1, 0x74, 0x0,
    0x0,

    /* U+65E0 "无" */
    0x0, 0x33, 0x7f, 0xf0, 0x4, 0x0, 0x53, 0x3f,
    0xfc, 0x5, 0x0, 0x17, 0xfe, 0xd0, 0x8f, 0xfe,
    0x40, 0xf, 0xe1, 0x0, 0xff, 0xe0, 0x88, 0x10,
    0x7, 0xc3, 0xff, 0xd8, 0x17, 0xff, 0xe3, 0x7,
    0x7e, 0x20, 0x1, 0x3b, 0xf1, 0xc, 0x47, 0x1a,
    0x13, 0xc4, 0x70, 0x80, 0x72, 0xe, 0x80, 0x7f,
    0xf0, 0x64, 0x58, 0x3, 0xff, 0x81, 0x25, 0x60,
    0x1e, 0x1c, 0x20, 0xa, 0x59, 0x8a, 0x0, 0x10,
    0x8, 0x8c, 0x41, 0x35, 0x99, 0x20, 0x1, 0x57,
    0x7a, 0x0, 0x86, 0x82, 0xa4, 0x2, 0x90, 0x88,
    0x92, 0x4, 0x59, 0xaa, 0x1, 0x97, 0xbf, 0xf3,
    0x80,

    /* U+65E5 "日" */
    0x6f, 0xff, 0xf0, 0x80, 0x1d, 0xfe, 0x30, 0xd,
    0x31, 0x1e, 0xb0, 0xf, 0xfe, 0xe7, 0x7f, 0xfa,
    0x0, 0x33, 0xc4, 0x79, 0x0, 0x34, 0xbb, 0xfb,
    0x0, 0x3f, 0xfa, 0xc, 0xef, 0xec, 0x0, 0xd1,
    0x1f, 0x20, 0x6, 0xef, 0xff, 0x40, 0x80,

    /* U+65F6 "时" */
    0x0, 0xff, 0xf, 0xb0, 0x3, 0x7b, 0xb1, 0x80,
    0x7f, 0x1b, 0xed, 0x8b, 0xaa, 0xe7, 0xc, 0x51,
    0xe, 0x37, 0x1, 0xaa, 0xd2, 0xb, 0x44, 0x1,
    0xc3, 0xdd, 0xb0, 0x1f, 0x8c, 0x35, 0x94, 0x1c,
    0x54, 0x44, 0x41, 0xc2, 0x0, 0x58, 0x90, 0x3,
    0x5a, 0x0, 0x7d, 0x1d, 0x80, 0x6, 0x3a, 0x10,
    0xf, 0xfe, 0x7, 0xd, 0x80, 0x7f, 0xf0, 0xa,
    0xb8, 0x3, 0xd1, 0xfa, 0x1, 0x95, 0x0, 0x3c,
    0xb7, 0x71, 0x0, 0x7f, 0x37, 0x22, 0x42, 0x2,
    0xee, 0x80, 0x30, 0x4, 0x20, 0x7, 0xc, 0xc3,
    0xaa, 0x0, 0x7f, 0xbb, 0xfa, 0x84, 0x0,

    /* U+6613 "易" */
    0x0, 0xbf, 0xff, 0xcc, 0x1, 0xcf, 0x99, 0xeb,
    0x0, 0xfc, 0x23, 0xe0, 0xf, 0xcf, 0xbb, 0xeb,
    0x0, 0xfa, 0x7f, 0xfd, 0xc0, 0x1f, 0x4f, 0x77,
    0xbc, 0x3, 0xd6, 0x43, 0x15, 0x5d, 0x6e, 0x1,
    0xb0, 0x8c, 0x80, 0x3c, 0xa4, 0x0, 0x77, 0x1,
    0xdd, 0xfe, 0xa1, 0xb8, 0x6f, 0xa0, 0x8f, 0x61,
    0xee, 0x7, 0x8, 0xaa, 0x52, 0x99, 0xcd, 0xa0,
    0x48, 0x8, 0x29, 0x5e, 0xd2, 0x47, 0x89, 0x81,
    0x41, 0x40, 0x17, 0xf, 0x63, 0x87, 0xe6, 0x6a,
    0x21, 0x0, 0x45, 0xc0, 0x28, 0x61, 0x6e, 0xc,
    0x80, 0x46, 0x80, 0x4, 0xd2, 0xe, 0xfd, 0x40,

    /* U+6700 "最" */
    0x0, 0x17, 0xff, 0xf8, 0xc0, 0x3d, 0x9f, 0xfe,
    0xb0, 0xf, 0xd9, 0xff, 0xeb, 0x0, 0xfd, 0x7d,
    0xde, 0xa0, 0xf, 0xd7, 0xdd, 0xea, 0x0, 0xe3,
    0x1c, 0xcf, 0xf0, 0x18, 0x16, 0x67, 0xff, 0x8,
    0x4b, 0xd1, 0x7b, 0x84, 0xdb, 0xbd, 0x9e, 0x20,
    0x12, 0xf7, 0x8, 0x3f, 0x77, 0x64, 0x80, 0x64,
    0xdd, 0x10, 0x60, 0xd7, 0xd8, 0x58, 0x6, 0x4d,
    0xd1, 0x0, 0xdd, 0x1d, 0x31, 0x0, 0x65, 0xdb,
    0x15, 0x35, 0x4c, 0x39, 0x0, 0x17, 0x22, 0xe4,
    0x88, 0x92, 0x91, 0x5, 0x8c, 0x5, 0xbd, 0xfd,
    0xa4, 0x9c, 0x7b, 0x7c, 0x94, 0x20,

    /* U+6709 "有" */
    0x0, 0xf2, 0x88, 0x7, 0xff, 0x4, 0xe9, 0xc0,
    0x3f, 0x99, 0xb4, 0x7, 0x33, 0x7c, 0x0, 0x89,
    0x99, 0x1, 0xe6, 0x7e, 0x0, 0x77, 0xf9, 0xc3,
    0x3f, 0xff, 0x0, 0x63, 0x72, 0x65, 0x5f, 0x0,
    0x7b, 0x80, 0xaa, 0xbe, 0x20, 0x8, 0x74, 0x82,
    0x3f, 0xfa, 0xc0, 0x31, 0x79, 0x58, 0x47, 0xff,
    0x58, 0x6, 0x25, 0xc4, 0x5, 0xbb, 0xe8, 0x0,
    0xeb, 0x30, 0x1, 0x2a, 0xf1, 0x0, 0x7f, 0x3f,
    0x77, 0x50, 0x7, 0xf3, 0xee, 0xf4, 0x80, 0x7f,
    0x79, 0x14, 0xe9, 0x80, 0x1f, 0xfc, 0x12, 0x94,
    0x52, 0x0, 0x0,

    /* U+671F "期" */
    0x0, 0x64, 0x0, 0x39, 0x82, 0xff, 0xf7, 0x2,
    0x89, 0xaa, 0x87, 0xc, 0xe, 0xa8, 0xa0, 0x34,
    0x49, 0x54, 0x5, 0xa0, 0x65, 0x51, 0x0, 0xf9,
    0xbf, 0xf8, 0x66, 0x40, 0x23, 0x80, 0x33, 0xff,
    0x84, 0x2, 0x4e, 0xe3, 0x0, 0x65, 0xcc, 0x0,
    0x4e, 0x99, 0x86, 0x0, 0xff, 0x84, 0xcc, 0x20,
    0x19, 0x73, 0x0, 0x10, 0x88, 0xcc, 0x20, 0x19,
    0xff, 0xc2, 0x0, 0x34, 0xdd, 0x30, 0x27, 0x9b,
    0xff, 0x86, 0x60, 0x67, 0xb8, 0xe0, 0xb5, 0xd,
    0x52, 0xf5, 0xa0, 0x40, 0x18, 0x56, 0xd1, 0x79,
    0x9c, 0xc1, 0x40, 0x3a, 0x4e, 0x42, 0xe, 0x69,
    0x4, 0xd9, 0x0, 0x56, 0x50, 0x1, 0xf4, 0xfe,
    0xd, 0x25, 0x3, 0x8c, 0x1, 0x10, 0xda, 0x2,
    0xff, 0x30,

    /* U+672A "未" */
    0x0, 0xfb, 0x30, 0x1, 0xff, 0xcd, 0xcf, 0xfc,
    0x66, 0xff, 0xdc, 0x1, 0xa9, 0xdf, 0x8, 0x9d,
    0xf4, 0x80, 0x66, 0x88, 0xc4, 0x48, 0x8c, 0xe0,
    0x1f, 0xfc, 0x7f, 0xff, 0x19, 0xbf, 0xfc, 0x0,
    0x88, 0xe1, 0x0, 0xc, 0x47, 0x0, 0x1d, 0xf0,
    0x8, 0x0, 0x41, 0xdf, 0x0, 0x74, 0x42, 0x4c,
    0xd5, 0x10, 0x0, 0xf0, 0xdb, 0xcb, 0x0, 0x16,
    0x5e, 0xc4, 0x2, 0x7e, 0x5a, 0x60, 0xc, 0xd4,
    0x9e, 0xe0, 0x32, 0xbe, 0xa0, 0x1e, 0x5d, 0x29,
    0x11, 0x7d, 0x8, 0x7, 0xe2, 0xcf, 0x10,

    /* U+672C "本" */
    0x0, 0xfb, 0x30, 0x1, 0xff, 0xdc, 0xef, 0xfe,
    0x33, 0x7f, 0xf8, 0x1, 0x11, 0x88, 0x46, 0x3,
    0x88, 0xc0, 0x6, 0x77, 0x29, 0x49, 0x11, 0xcd,
    0x9d, 0xe0, 0xe, 0x90, 0x60, 0x4, 0x85, 0x80,
    0x7c, 0x88, 0x81, 0x0, 0xb, 0xaa, 0x0, 0x71,
    0x51, 0xb8, 0x6, 0x82, 0xa2, 0x0, 0x8b, 0xc7,
    0x80, 0x3d, 0xc3, 0x86, 0x5, 0xa6, 0xfb, 0xfe,
    0x33, 0x7f, 0xb1, 0xc7, 0x8, 0x8f, 0x95, 0x11,
    0x8, 0xa2, 0x2a, 0xd9, 0x20, 0x82, 0x23, 0xbc,
    0x44, 0x77, 0x88, 0x8c, 0x1, 0xff, 0xc5,

    /* U+673A "机" */
    0x0, 0xa7, 0x0, 0x3, 0xff, 0xca, 0x1, 0xff,
    0x34, 0xc0, 0x7, 0x8, 0x8c, 0x46, 0x0, 0x63,
    0x30, 0x3, 0x17, 0x71, 0x4b, 0xb8, 0x60, 0x1f,
    0x8a, 0xa8, 0x5, 0x54, 0x30, 0xf, 0xe5, 0x60,
    0x2, 0xa8, 0x3, 0xfe, 0xa0, 0x2a, 0x3, 0x1,
    0x0, 0xfc, 0xc4, 0x44, 0x91, 0x7, 0x0, 0xfa,
    0xd, 0x6, 0x91, 0x40, 0x80, 0x3c, 0x6f, 0x20,
    0x4, 0xce, 0x11, 0x0, 0x7c, 0x8a, 0x1, 0xa,
    0xb8, 0x7, 0x25, 0x1d, 0x0, 0x64, 0x2d, 0x0,
    0xe1, 0x60, 0x10, 0x8, 0x69, 0x10, 0x1, 0xbf,
    0xcc, 0x1, 0xc6, 0x54, 0x1, 0xa, 0xa9, 0x38,

    /* U+679C "果" */
    0x0, 0x37, 0xff, 0xfa, 0x0, 0x3d, 0x59, 0x82,
    0x26, 0x62, 0xc0, 0x3f, 0x39, 0x98, 0x40, 0xcc,
    0xa0, 0x1f, 0xb7, 0xfc, 0x65, 0xfe, 0xe0, 0xf,
    0xd9, 0xdc, 0x32, 0xee, 0x68, 0x7, 0xe5, 0x58,
    0x41, 0x54, 0xe0, 0x1f, 0xa6, 0xec, 0x44, 0xbb,
    0x50, 0x7, 0x9b, 0xff, 0x19, 0x7f, 0xe8, 0x0,
    0xbf, 0xfc, 0x65, 0xff, 0xe0, 0x5, 0xde, 0x60,
    0xc, 0xb7, 0x78, 0x0, 0x89, 0x63, 0x30, 0xca,
    0x17, 0x95, 0x10, 0x1, 0x36, 0xbd, 0x48, 0xb,
    0xda, 0x7c, 0x10, 0x17, 0xca, 0x6a, 0x80, 0x64,
    0xf6, 0x7d, 0x22, 0x5e, 0xc9, 0x0, 0x78, 0x63,
    0xac, 0x80,

    /* U+6838 "核" */
    0x0, 0xff, 0xe3, 0xfb, 0x0, 0x65, 0xf3, 0x0,
    0xff, 0x19, 0xc2, 0x10, 0x67, 0x0, 0x19, 0x81,
    0x8d, 0xd9, 0x8b, 0x4, 0xcc, 0x84, 0x53, 0x20,
    0x59, 0xcf, 0xb0, 0xbf, 0xfc, 0x22, 0xfb, 0x8,
    0xf1, 0x9, 0x54, 0x1b, 0x40, 0xd, 0xa1, 0x22,
    0x76, 0x5a, 0xf4, 0xaa, 0x0, 0xce, 0x0, 0xa4,
    0x40, 0xd4, 0x25, 0x8, 0x4, 0x80, 0x9, 0x66,
    0x7f, 0x38, 0x52, 0xeb, 0x80, 0x21, 0x80, 0x74,
    0x53, 0x52, 0xd6, 0x89, 0x41, 0x4e, 0x80, 0x29,
    0xb6, 0xf4, 0xa4, 0xa2, 0x5, 0x82, 0x0, 0xaf,
    0x2c, 0x2d, 0x56, 0x0, 0x9c, 0x3, 0x11, 0xbf,
    0x33, 0xad, 0x0, 0x7c, 0x53, 0xf0, 0xfb, 0x14,
    0xb6, 0x1, 0xf2, 0x47, 0x40, 0x1, 0x6f, 0x0,
    0x37, 0xb1, 0x6b, 0x88, 0x6, 0x47, 0x0,

    /* U+6B21 "次" */
    0x0, 0xf9, 0xcc, 0x3, 0xf1, 0x88, 0x4, 0x51,
    0x60, 0x1f, 0xbb, 0x8c, 0x0, 0x40, 0xc0, 0xf,
    0xd8, 0xb3, 0x20, 0xd0, 0xbf, 0xfe, 0xa0, 0x0,
    0xd4, 0x68, 0xa1, 0xbb, 0xf0, 0x7, 0x9d, 0x24,
    0x3e, 0x17, 0xe2, 0xc3, 0xc0, 0x38, 0x9c, 0xcc,
    0x25, 0xe1, 0x42, 0xa0, 0x1c, 0x6d, 0xc0, 0x60,
    0x20, 0x6, 0x0, 0xe9, 0xd9, 0x20, 0x70, 0x70,
    0x98, 0x0, 0xc6, 0xca, 0x1, 0x78, 0x9, 0x80,
    0x7b, 0x86, 0x40, 0x2, 0xa8, 0x7e, 0x1, 0xd2,
    0x56, 0x1, 0x68, 0x44, 0x9b, 0x0, 0x42, 0xc8,
    0xa0, 0xb, 0x37, 0x35, 0x49, 0x60, 0x0, 0xe4,
    0x82, 0x6a, 0x3c, 0x0, 0x2c, 0xe7, 0x8, 0xc,
    0x83, 0x8e, 0xa0, 0x3, 0x63, 0xb8, 0x80, 0x35,
    0x72, 0x80, 0x7a, 0x2c, 0x0,

    /* U+6B22 "欢" */
    0x0, 0xfc, 0x48, 0x1, 0xff, 0xc2, 0xb9, 0x0,
    0xf0, 0xd5, 0x74, 0x2, 0xb0, 0x8e, 0x0, 0xf9,
    0xc, 0xd, 0x3b, 0xb7, 0x80, 0xc5, 0x54, 0x66,
    0x40, 0xac, 0xc9, 0xc, 0x1, 0x90, 0x4, 0x4d,
    0xe2, 0x5e, 0x63, 0x54, 0x0, 0x43, 0xa2, 0x1,
    0x96, 0xc4, 0x80, 0xb, 0x40, 0x6, 0x4a, 0xa1,
    0x9b, 0x58, 0x0, 0x61, 0x64, 0x1, 0x50, 0x1d,
    0x1, 0x2, 0x86, 0x0, 0x78, 0x50, 0xc, 0x2,
    0xc0, 0x40, 0xf, 0x22, 0x85, 0x80, 0x4a, 0x62,
    0xa0, 0x18, 0x64, 0xf0, 0x5c, 0x1c, 0xa1, 0xa0,
    0x2, 0x2c, 0x2e, 0x37, 0x53, 0x84, 0x45, 0x94,
    0x80, 0x4, 0xf0, 0x82, 0x1f, 0xa, 0x80, 0x9d,
    0xac, 0x4f, 0x8c, 0x0, 0x36, 0x98, 0x20, 0x8,
    0x74, 0x30, 0xe, 0x1f, 0xb1, 0x0, 0xd1, 0xc4,

    /* U+6B65 "步" */
    0x0, 0xfa, 0x3c, 0x3, 0xfa, 0xf0, 0x3, 0x7f,
    0xea, 0x0, 0xff, 0x44, 0x6e, 0x0, 0xff, 0x3b,
    0xe4, 0x0, 0x3b, 0x98, 0x9d, 0xc8, 0x10, 0xef,
    0xc1, 0x32, 0x30, 0x99, 0x18, 0x34, 0xcf, 0x7,
    0x75, 0x59, 0xca, 0x3d, 0xd6, 0x77, 0x0, 0x24,
    0xbb, 0x0, 0x71, 0x6d, 0x0, 0x47, 0x47, 0x20,
    0x1d, 0xc1, 0x0, 0x5, 0xc3, 0xd0, 0xc, 0x36,
    0x74, 0x40, 0x4, 0x5c, 0x10, 0x1, 0x6, 0x24,
    0xa8, 0x4, 0x34, 0x20, 0x6, 0x41, 0xd, 0x60,
    0xc, 0x28, 0xf7, 0xf2, 0x33, 0xa4, 0x1, 0xd9,
    0x70, 0xed, 0x9a, 0xc0, 0x1f, 0x76, 0x7e, 0x49,
    0x80, 0x7e,

    /* U+6CC4 "泄" */
    0x7, 0xc4, 0x4, 0xe1, 0x17, 0xa0, 0x74, 0x0,
    0x4c, 0xcb, 0x71, 0x10, 0x7, 0xf8, 0x6a, 0xd8,
    0x3, 0xff, 0x84, 0x80, 0x60, 0x44, 0x2, 0x20,
    0x9, 0x1, 0x62, 0x85, 0x48, 0x66, 0x2, 0x74,
    0x5b, 0x48, 0x1e, 0xae, 0x1c, 0x2a, 0x81, 0x16,
    0x2b, 0x64, 0x4b, 0xaf, 0x3d, 0x4, 0x40, 0x1a,
    0x1, 0x20, 0x4, 0xa8, 0x1, 0xff, 0xc3, 0xb4,
    0x0, 0xed, 0x60, 0xf, 0x22, 0x4, 0x3, 0x9a,
    0x44, 0x3, 0xa0, 0x94, 0x2, 0x1f, 0xfd, 0x0,
    0x12, 0x1d, 0x80, 0x7f, 0xf0, 0x64, 0x58, 0x2,
    0xef, 0xff, 0x80, 0xb, 0x60, 0x7, 0x88, 0xfe,
    0x0,

    /* U+6CD5 "法" */
    0x1, 0xb7, 0x10, 0xd, 0x3c, 0x1, 0xe1, 0xc9,
    0xe2, 0x0, 0xff, 0xe0, 0x3f, 0x59, 0x6f, 0xf9,
    0x87, 0xfe, 0x50, 0xe, 0x40, 0xb8, 0x81, 0x84,
    0x44, 0xe0, 0xd, 0xa2, 0x0, 0x33, 0xb9, 0x45,
    0xde, 0x20, 0x5, 0xa6, 0x98, 0x7, 0xff, 0x1,
    0xbe, 0xe, 0x3f, 0xe6, 0x1f, 0xfb, 0x80, 0x21,
    0x70, 0xb8, 0x82, 0x82, 0xc4, 0x60, 0xc, 0x58,
    0x4e, 0xe6, 0x1a, 0x77, 0x98, 0x3, 0x41, 0x80,
    0xc, 0xd2, 0xf, 0x60, 0x1c, 0x6b, 0x2, 0x1e,
    0x4e, 0x8, 0x87, 0x0, 0xde, 0x2e, 0xe, 0x76,
    0x8c, 0x85, 0x2, 0x0, 0x73, 0xb0, 0x18, 0x9,
    0xb9, 0xa6, 0x18, 0x0, 0x22, 0xa8, 0x6, 0x27,
    0x3b, 0xf6, 0xe5, 0x40, 0x7, 0x40, 0x13, 0xb1,
    0x88, 0x4, 0xf8, 0x0,

    /* U+6CE8 "注" */
    0x0, 0x8, 0x7, 0x90, 0x40, 0x3c, 0x5d, 0x44,
    0x1, 0xaa, 0xc0, 0x3c, 0x52, 0x9a, 0x40, 0x14,
    0xa9, 0x0, 0x79, 0xba, 0x45, 0x9a, 0x2, 0x56,
    0x68, 0x3, 0x9a, 0xe6, 0x68, 0x28, 0x99, 0x80,
    0x14, 0xc0, 0x8, 0xff, 0x9c, 0x3f, 0xf0, 0x9,
    0xcf, 0x10, 0x7, 0xfc, 0x33, 0xae, 0x40, 0x1f,
    0xfc, 0x12, 0x90, 0x7, 0x7f, 0x9c, 0x3f, 0xe6,
    0x0, 0xc5, 0x61, 0x11, 0x20, 0x44, 0x4a, 0x1,
    0xa1, 0x41, 0x9d, 0xc6, 0xe, 0xf1, 0x80, 0x46,
    0xb2, 0x1, 0xff, 0xc1, 0xf1, 0x70, 0xf, 0xfe,
    0x2, 0x9c, 0x3, 0xbe, 0x30, 0x77, 0xc4, 0x4,
    0x46, 0x8, 0x8c, 0x81, 0x11, 0x9c, 0x1f, 0x0,
    0x1f, 0xff, 0xe5,

    /* U+6D88 "消" */
    0x2, 0xa3, 0x0, 0x28, 0x1, 0xfc, 0x0, 0xaa,
    0x0, 0x87, 0x24, 0x6a, 0x40, 0x3a, 0xf8, 0x0,
    0x57, 0x5e, 0x32, 0xc4, 0x1, 0x40, 0xc8, 0x6,
    0x56, 0x6, 0x83, 0x0, 0xb2, 0xc8, 0x7, 0x5c,
    0x2, 0xe8, 0xe8, 0xf, 0xbb, 0x30, 0xa, 0xc6,
    0x88, 0x1, 0x26, 0x74, 0x0, 0x68, 0xc7, 0x10,
    0x1, 0xbb, 0xe6, 0x0, 0xe3, 0xa0, 0x9, 0xfb,
    0xb8, 0x3, 0xcc, 0xa0, 0x6, 0xdd, 0xd8, 0x1,
    0xe8, 0xf0, 0x1, 0xb3, 0x70, 0x7, 0x38, 0xc0,
    0x1, 0x6e, 0xf5, 0x0, 0x61, 0x86, 0x20, 0x3,
    0xff, 0xf0, 0x6, 0xb0, 0xb0, 0xf, 0xb, 0xb8,
    0x3, 0x4c, 0x10, 0x7, 0x86, 0x64, 0x8e, 0x0,

    /* U+6E05 "清" */
    0x4, 0x81, 0x2, 0x2d, 0xf0, 0x45, 0x8, 0x1,
    0xd7, 0xd3, 0x37, 0x60, 0x7d, 0xd9, 0xc0, 0x7,
    0xae, 0xbd, 0xd8, 0x23, 0xba, 0x60, 0xd, 0x23,
    0x1d, 0xd0, 0x47, 0x74, 0x0, 0x19, 0x20, 0x1a,
    0xdd, 0x60, 0x3e, 0xec, 0x40, 0x49, 0xaf, 0x3b,
    0xb6, 0x3, 0xee, 0xe1, 0x3d, 0x6f, 0x8e, 0xcc,
    0xfb, 0x7c, 0x40, 0x13, 0x0, 0x99, 0xbb, 0xd9,
    0x20, 0x1c, 0xe0, 0x16, 0x7f, 0xe4, 0x0, 0xe3,
    0x85, 0x0, 0x6f, 0xfe, 0x40, 0xe, 0x82, 0x50,
    0x6, 0xff, 0xe4, 0x0, 0xc8, 0x8b, 0x0, 0xb7,
    0xbb, 0x20, 0x6, 0x81, 0x60, 0xb, 0xfe, 0xdb,
    0x30, 0xd, 0xf6, 0x1, 0xf2, 0x58, 0xf0, 0x0,

    /* U+6E90 "源" */
    0x2, 0x50, 0xf, 0xfe, 0x15, 0x52, 0xcb, 0x7f,
    0xff, 0x80, 0x11, 0x4a, 0xe0, 0x95, 0x51, 0xbd,
    0x54, 0x1, 0x2f, 0xa8, 0x12, 0xa9, 0xcf, 0x95,
    0x60, 0xc, 0x20, 0x12, 0xee, 0x4, 0x6e, 0x94,
    0xf, 0xd8, 0x3, 0x19, 0x6e, 0x6f, 0x11, 0x80,
    0x9c, 0xd0, 0x18, 0x0, 0x47, 0x80, 0x22, 0xc7,
    0xe0, 0x11, 0x0, 0xff, 0xe0, 0xe, 0x84, 0x0,
    0x78, 0xf, 0xfe, 0x0, 0xe2, 0x82, 0x2, 0x1,
    0xdd, 0xc0, 0x1d, 0x6c, 0xe0, 0xee, 0xdf, 0x18,
    0xeb, 0x60, 0x0, 0xb3, 0x30, 0x4a, 0x34, 0x40,
    0xf, 0x66, 0x0, 0x90, 0x97, 0x44, 0x34, 0x8,
    0x1, 0x8b, 0xc0, 0x5d, 0x98, 0x33, 0xa6, 0xa8,
    0x20, 0x9, 0x71, 0x14, 0x59, 0x31, 0xce, 0xd,
    0x8a, 0x2, 0x58, 0x80,

    /* U+7248 "版" */
    0x0, 0xff, 0xe2, 0xaf, 0x83, 0x70, 0x2f, 0xff,
    0x6b, 0x80, 0x7f, 0xa2, 0xf7, 0xf5, 0xc0, 0x3f,
    0xcc, 0x84, 0x1, 0xf1, 0xf0, 0x98, 0x7, 0xff,
    0x3, 0x1c, 0x30, 0xc3, 0xbf, 0xf5, 0x80, 0x6d,
    0xdc, 0x60, 0x2b, 0x32, 0x22, 0x0, 0xc, 0x8,
    0xb1, 0x83, 0xb3, 0x45, 0xe0, 0x1b, 0xfe, 0x41,
    0xd, 0x32, 0x40, 0x40, 0x0, 0x8a, 0xa4, 0x1,
    0xe2, 0x83, 0x5e, 0x64, 0x0, 0xf2, 0x56, 0x0,
    0x9, 0x84, 0xba, 0x40, 0x4, 0x4c, 0x1, 0x89,
    0x81, 0x80, 0x50, 0x2, 0x42, 0x0, 0xca, 0x61,
    0xa0, 0x2e, 0x0, 0x31, 0xa0, 0xb, 0x7, 0xf4,
    0xed, 0xe2, 0x84, 0x48, 0x40, 0x19, 0xc, 0x31,
    0x22, 0xc, 0x25, 0x60, 0x17, 0xc5, 0xa6, 0x98,
    0x1, 0xf0, 0x0,

    /* U+7259 "牙" */
    0x0, 0x7f, 0xff, 0xf0, 0xc, 0x1, 0x33, 0xf8,
    0x12, 0x64, 0x40, 0x6, 0xcf, 0x66, 0xe0, 0x36,
    0x60, 0x80, 0x4a, 0x20, 0x1f, 0xfc, 0x2, 0xd,
    0x0, 0xff, 0xe0, 0x20, 0x9, 0x17, 0x0, 0x91,
    0x40, 0xd, 0xb, 0xdd, 0xe0, 0x6d, 0xd8, 0x1,
    0x19, 0x9a, 0x80, 0x81, 0x73, 0x20, 0x1, 0x9e,
    0xb, 0x2c, 0x2, 0x33, 0x80, 0x3a, 0x30, 0xb0,
    0x40, 0x3f, 0x2e, 0xbb, 0xb0, 0x40, 0x3e, 0x7d,
    0xa1, 0xc8, 0x0, 0xfe, 0xb0, 0xac, 0x30, 0x47,
    0x80, 0xf0, 0xd, 0x9a, 0xa0, 0x1a, 0x1c, 0xd4,
    0x3, 0xfc, 0x9f, 0xec, 0x20, 0x8,

    /* U+7262 "牢" */
    0x0, 0xf0, 0xb9, 0x0, 0x7f, 0xf0, 0x6, 0x64,
    0x1, 0xf6, 0x7f, 0xf0, 0xa7, 0xff, 0x60, 0x0,
    0xa2, 0x3f, 0xc4, 0x20, 0x6, 0x7d, 0x17, 0xf8,
    0x77, 0xc2, 0x0, 0xdb, 0x45, 0x10, 0xf, 0xb3,
    0x0, 0x21, 0xe1, 0xec, 0x60, 0xcd, 0x8c, 0x40,
    0xc, 0x80, 0xf2, 0x81, 0x33, 0xac, 0x0, 0x52,
    0x7f, 0xf3, 0x87, 0xfe, 0x80, 0x1, 0x5e, 0x80,
    0x7f, 0xf0, 0x3e, 0xfb, 0xfe, 0x70, 0xff, 0xee,
    0x8, 0x8f, 0x18, 0x44, 0x74, 0x83, 0xbf, 0x90,
    0x1d, 0xfc, 0x1, 0xff, 0xd2,

    /* U+7269 "物" */
    0x1, 0x13, 0xf0, 0x5, 0x52, 0x1, 0xf4, 0xd0,
    0x6, 0x15, 0xf0, 0xf, 0x8c, 0x38, 0x4c, 0x5c,
    0x2b, 0x33, 0x8c, 0x19, 0x18, 0x31, 0xe8, 0xdc,
    0xd0, 0xc0, 0xc0, 0x4a, 0xdc, 0x74, 0x4f, 0x85,
    0xa8, 0x24, 0x5, 0x9, 0x3c, 0xe, 0x1c, 0xd6,
    0x94, 0x84, 0xd, 0x70, 0x3, 0x4c, 0x49, 0x1d,
    0xa0, 0x80, 0x80, 0xa6, 0xf, 0x68, 0xbd, 0x91,
    0xd1, 0x80, 0xf, 0xed, 0x2, 0xed, 0x44, 0xd6,
    0x47, 0xc2, 0x6, 0xf9, 0x2, 0x94, 0x9c, 0x4d,
    0x60, 0x26, 0x0, 0x83, 0x0, 0xaf, 0xe, 0x49,
    0x81, 0x58, 0x3, 0xe1, 0x37, 0x49, 0x0, 0x19,
    0x80, 0x3f, 0x44, 0x4c, 0xca, 0xc, 0x0, 0xfd,
    0x8e, 0xe0, 0x95, 0x52, 0x0, 0x67, 0xe0, 0x2,
    0x40, 0x17, 0xfa, 0x80, 0x0,

    /* U+73B0 "现" */
    0x1f, 0xfe, 0x5f, 0xff, 0x8c, 0x6, 0xa4, 0x1a,
    0x98, 0x1e, 0xee, 0x80, 0xc, 0xae, 0x18, 0xa4,
    0x18, 0x8a, 0x88, 0x0, 0xff, 0xe0, 0x17, 0x18,
    0x7, 0xff, 0x27, 0x78, 0x2b, 0x80, 0x3f, 0xeb,
    0x80, 0x68, 0x0, 0x84, 0x8, 0x3, 0x99, 0x81,
    0x8c, 0x1, 0x38, 0x8, 0x7, 0xf8, 0x65, 0x70,
    0x10, 0xa4, 0x80, 0x38, 0xd0, 0x98, 0x54, 0x24,
    0x58, 0x40, 0x2, 0xe1, 0x36, 0x80, 0xe4, 0xc0,
    0x15, 0x92, 0x74, 0x8b, 0x5b, 0x1c, 0x40, 0x40,
    0x24, 0x15, 0x7c, 0xe9, 0x46, 0xc5, 0x7f, 0x32,
    0x30, 0x21, 0x83, 0x0, 0x34, 0xbd, 0x2, 0x6,
    0xe3, 0x8, 0x7, 0x36, 0xc0, 0x0, 0xfb, 0xfd,
    0x20,

    /* U+7406 "理" */
    0x2f, 0xfd, 0xcd, 0xff, 0xf7, 0x1, 0xd3, 0x84,
    0x58, 0x2, 0xec, 0xf, 0x6a, 0x0, 0x15, 0xc0,
    0x55, 0x0, 0x11, 0x3, 0xa9, 0xa0, 0x1f, 0xee,
    0xe0, 0xd7, 0x40, 0x6, 0x10, 0x10, 0xa, 0xa8,
    0xf, 0x4a, 0x1, 0x7d, 0x6, 0x50, 0x1, 0x10,
    0x3a, 0x9a, 0x1, 0x53, 0x84, 0xc8, 0x1, 0xfe,
    0x1a, 0xf8, 0x0, 0x97, 0x1, 0xd, 0xee, 0xd4,
    0xd, 0x76, 0xa0, 0xf, 0x85, 0x10, 0xa1, 0xc8,
    0x90, 0x7, 0xa, 0xc7, 0xfc, 0x11, 0xff, 0x8,
    0xe, 0x6, 0x55, 0xcc, 0xc0, 0xb3, 0x30, 0x9f,
    0x38, 0xb6, 0x1b, 0x34, 0x1a, 0xcd, 0x1, 0x25,
    0x74, 0xbb, 0x34, 0xe1, 0xac, 0xd2, 0xd, 0xa8,
    0x3, 0xa6, 0x68, 0x5, 0x99, 0xb4,

    /* U+751F "生" */
    0x0, 0x9a, 0x80, 0x17, 0x80, 0x1f, 0xeb, 0x60,
    0xf, 0xfe, 0xa, 0x13, 0xb3, 0x44, 0xcd, 0xc4,
    0x1, 0x40, 0x24, 0xc8, 0x86, 0x67, 0x9c, 0x0,
    0xe7, 0x3f, 0xf2, 0x1f, 0xff, 0x28, 0x2, 0x51,
    0x80, 0x3f, 0xf8, 0x3f, 0x40, 0x1f, 0xfc, 0x21,
    0x5f, 0xfc, 0x87, 0xff, 0xac, 0x3, 0x34, 0x46,
    0x21, 0x88, 0xdc, 0x1, 0x89, 0xdf, 0x31, 0x3b,
    0xe5, 0x0, 0xff, 0xeb, 0xbb, 0xf9, 0x89, 0xdf,
    0xc2, 0x28, 0x8f, 0x10, 0xc4, 0x78, 0xc0,

    /* U+7528 "用" */
    0x0, 0x12, 0xaf, 0xfc, 0x20, 0xa, 0xaf, 0xfe,
    0x1, 0x0, 0x6e, 0xe9, 0x87, 0xba, 0xb0, 0xe,
    0x11, 0xe0, 0x11, 0x9c, 0x3, 0x85, 0x9a, 0x41,
    0x66, 0xa8, 0x3, 0xd3, 0x31, 0x84, 0xcc, 0xc0,
    0x1c, 0x3f, 0xf3, 0x8f, 0xfd, 0x80, 0x18, 0x80,
    0x3f, 0xf8, 0x42, 0x2f, 0xf9, 0xc7, 0xfe, 0xc0,
    0xc, 0xe5, 0x11, 0x18, 0x44, 0x4c, 0x1, 0x8e,
    0x9d, 0xe4, 0x17, 0x7a, 0x80, 0x25, 0x4, 0x0,
    0xff, 0xe0, 0x41, 0x98, 0x3, 0xc8, 0x8b, 0x0,
    0x11, 0xf8, 0x7, 0xdf, 0x6e, 0x86, 0x5e, 0x60,
    0x1a, 0x38, 0x2f, 0xbe, 0xc0,

    /* U+7535 "电" */
    0x0, 0xf7, 0x50, 0x7, 0xe1, 0x1e, 0x1, 0x1f,
    0x0, 0x5d, 0xdc, 0x29, 0xdd, 0xbc, 0x3, 0x2d,
    0x54, 0x7, 0x55, 0x20, 0x7, 0x12, 0xac, 0x2c,
    0xab, 0x10, 0x7, 0x3f, 0x74, 0x2b, 0xdd, 0x30,
    0x7, 0x24, 0x44, 0x7, 0x11, 0x18, 0x7, 0x1b,
    0x34, 0x2c, 0xd9, 0x40, 0x38, 0xd9, 0xa1, 0x66,
    0xca, 0x1, 0xc9, 0x33, 0x1, 0xcc, 0xc6, 0x1,
    0xcf, 0xff, 0xa, 0xff, 0xf5, 0x90, 0x7c, 0x0,
    0x61, 0x0, 0xc4, 0x8e, 0x1, 0xe2, 0x48, 0x77,
    0x47, 0x82, 0x0, 0x7a, 0x9, 0xe2, 0xe, 0x50,
    0x20,

    /* U+7684 "的" */
    0x0, 0xb, 0x90, 0x4, 0x6a, 0x1, 0xf2, 0xc3,
    0x0, 0x53, 0x0, 0x1f, 0x60, 0xa0, 0x4, 0xa8,
    0x1, 0xcd, 0xee, 0x3f, 0xe4, 0x50, 0x6f, 0xfc,
    0x1, 0x55, 0x24, 0x1, 0x25, 0x55, 0x30, 0x4,
    0x2a, 0xa7, 0xd, 0x38, 0x55, 0xbc, 0x3, 0xf1,
    0x11, 0x40, 0x3e, 0x15, 0x53, 0x87, 0xe6, 0x24,
    0x0, 0x22, 0x0, 0xaa, 0x92, 0x0, 0x1a, 0x65,
    0xf, 0x30, 0x0, 0xff, 0xb8, 0x2, 0x65, 0xb1,
    0x10, 0x7, 0xfd, 0x6a, 0x66, 0x10, 0xf, 0xf0,
    0xd9, 0xb, 0x0, 0x7, 0xb9, 0xe0, 0x1f, 0x29,
    0x0, 0x51, 0x14, 0xa8, 0xb, 0x1b, 0xe, 0x80,
    0x5, 0x9b, 0x8, 0xc, 0xe4, 0x9a, 0x83, 0x70,
    0x7, 0xdb, 0x9b, 0x80, 0x0,

    /* U+76F4 "直" */
    0x0, 0xfa, 0x18, 0x3, 0xf2, 0x2a, 0xf3, 0xd2,
    0xaf, 0x20, 0x3, 0xea, 0xb8, 0xe, 0xab, 0xa0,
    0x1, 0x7f, 0xfb, 0x2, 0xff, 0xfb, 0x0, 0x37,
    0xfd, 0x81, 0x7f, 0xf8, 0x40, 0x3c, 0xd7, 0x7e,
    0x70, 0xf, 0xc2, 0xcd, 0xef, 0x0, 0xfc, 0xfb,
    0xbe, 0x80, 0xf, 0xcf, 0xbb, 0xe8, 0x0, 0xfc,
    0xfb, 0xbe, 0x80, 0xf, 0xd3, 0xff, 0xe9, 0x0,
    0xfd, 0x3f, 0xfe, 0x90, 0xf, 0xcf, 0xbb, 0xe8,
    0x0, 0xc2, 0xce, 0x4, 0x89, 0xed, 0x6, 0x60,
    0x94, 0x48, 0xa4, 0x47, 0x90, 0x66, 0x8,

    /* U+771F "真" */
    0x0, 0xf8, 0xd4, 0x3, 0xf0, 0x91, 0x74, 0x59,
    0x17, 0x8, 0x2, 0x37, 0x79, 0x7, 0x77, 0xac,
    0x1, 0x3d, 0xbb, 0x81, 0xb7, 0x77, 0x50, 0x4,
    0x3f, 0xb9, 0x81, 0x7c, 0xc6, 0xe0, 0x80, 0x79,
    0x2a, 0xbc, 0x80, 0x1f, 0x9b, 0x33, 0xcc, 0x1,
    0xf8, 0xcf, 0xf0, 0x7, 0xe4, 0x99, 0xf2, 0x0,
    0x7e, 0x5d, 0xdf, 0x28, 0x7, 0xe6, 0xff, 0xf3,
    0x0, 0x77, 0xf8, 0x9b, 0xff, 0xcc, 0x3f, 0xe0,
    0x5, 0xdd, 0x4b, 0x77, 0x51, 0xc5, 0xdc, 0x0,
    0x40, 0xda, 0x40, 0x44, 0x8, 0x44, 0x9a, 0x80,
    0x2e, 0xc5, 0x3c, 0x80, 0x4, 0xcd, 0x58, 0xa0,
    0x5, 0xf5, 0xb0, 0x7, 0x8a, 0x3a, 0xc0,

    /* U+77E5 "知" */
    0x0, 0x19, 0x0, 0x7f, 0xf0, 0x7a, 0x0, 0x3f,
    0xf8, 0x2, 0x40, 0xab, 0x22, 0xff, 0xf4, 0x3,
    0x2, 0xd5, 0x5e, 0x0, 0x9a, 0xa0, 0x5, 0x2b,
    0xa1, 0x3f, 0x60, 0x7, 0x55, 0x0, 0x10, 0x60,
    0xc0, 0xc0, 0x3f, 0x93, 0xc, 0x80, 0xc4, 0x40,
    0x1f, 0x26, 0x76, 0x4, 0xf7, 0x34, 0x3, 0xcb,
    0x76, 0x70, 0x8b, 0xb7, 0x0, 0x78, 0x51, 0x1e,
    0x0, 0x44, 0x18, 0x7, 0xf5, 0x8c, 0x30, 0x7,
    0xf8, 0xcd, 0x6f, 0x2a, 0x1, 0xfd, 0xc2, 0xb0,
    0x94, 0x61, 0xdf, 0xe0, 0x0, 0xe1, 0x50, 0x2,
    0xa8, 0x61, 0x13, 0x20, 0x8, 0x65, 0x0, 0x2,
    0xa2, 0x6c, 0xdb, 0x47, 0x58, 0x3, 0x93, 0x4,
    0x1, 0x2a,

    /* U+7801 "码" */
    0x1f, 0xfe, 0x7c, 0xee, 0xdf, 0x60, 0x1, 0xa7,
    0x9, 0xa5, 0x98, 0x8c, 0x42, 0x1, 0x28, 0xb,
    0x29, 0x2a, 0x33, 0x40, 0x60, 0x19, 0x10, 0x1,
    0x16, 0x98, 0x0, 0xc4, 0x3, 0x1e, 0x80, 0x42,
    0x2, 0x0, 0x1e, 0x0, 0x98, 0x36, 0x20, 0xc,
    0x4, 0x2, 0x4, 0x1, 0x40, 0x32, 0x38, 0x10,
    0x2a, 0x98, 0xd, 0x41, 0x4, 0x3f, 0xc0, 0xf,
    0xa, 0xa4, 0x4, 0x50, 0x29, 0x80, 0x74, 0x7f,
    0xf3, 0x90, 0xe, 0x80, 0x62, 0x44, 0xe2, 0x23,
    0x0, 0x4, 0x3, 0x3d, 0x57, 0x98, 0x80, 0x36,
    0x60, 0x17, 0xbb, 0xa0, 0xf8, 0x3, 0x45, 0xd8,
    0x3, 0x1a, 0x48, 0x20, 0x5, 0xae, 0x88, 0x0,
    0xc9, 0x6c, 0xc3, 0x0, 0x88, 0x3, 0xe7, 0xff,
    0x48, 0x0,

    /* U+786C "硬" */
    0x0, 0xf8, 0x47, 0xf0, 0x1f, 0xff, 0x57, 0x77,
    0xe4, 0x2a, 0x60, 0xaa, 0x46, 0x64, 0xd, 0x99,
    0x20, 0xa8, 0x12, 0xa8, 0x95, 0x60, 0x25, 0x58,
    0x2, 0x44, 0x0, 0x6, 0x6e, 0x81, 0x6a, 0x20,
    0x0, 0x12, 0xd0, 0xd, 0xd8, 0x33, 0x90, 0x1,
    0x48, 0x5f, 0xf9, 0x43, 0xb4, 0x67, 0x60, 0x2,
    0x70, 0x99, 0x0, 0x57, 0xc0, 0xfc, 0xe0, 0x5,
    0x0, 0x3b, 0x0, 0x7e, 0x10, 0x2, 0x18, 0x7,
    0xa7, 0x1, 0xb1, 0xc0, 0x3, 0xc0, 0x19, 0xe3,
    0x34, 0x2f, 0xfd, 0xc0, 0x1f, 0xbf, 0x6c, 0x10,
    0x3, 0xee, 0xf0, 0x4, 0x1b, 0x28, 0x7, 0xea,
    0xba, 0x6a, 0x24, 0x47, 0x53, 0xa8, 0x81, 0x6a,
    0xa2, 0xe0, 0x65, 0xf5, 0x96, 0x48, 0x0,

    /* U+786E "确" */
    0x0, 0xfc, 0xee, 0x0, 0xe1, 0xff, 0xe4, 0x8,
    0xe1, 0x18, 0x0, 0x34, 0xc1, 0x34, 0xae, 0xd,
    0xdd, 0x30, 0x1, 0x40, 0x99, 0x42, 0x5b, 0xb4,
    0x8d, 0x80, 0x24, 0x40, 0x3, 0x47, 0xd6, 0x89,
    0x12, 0x1, 0x2c, 0x4, 0x30, 0x9b, 0x70, 0x7b,
    0xa0, 0x90, 0x9c, 0xed, 0xa, 0xf1, 0xaf, 0x80,
    0x17, 0xb, 0x57, 0x20, 0xbd, 0x1b, 0xd9, 0x4,
    0x0, 0x2e, 0x0, 0x4f, 0x0, 0xf0, 0x80, 0xac,
    0x1, 0xec, 0x51, 0xc5, 0xd0, 0x4, 0x0, 0x61,
    0xa, 0xe1, 0xae, 0x80, 0xf, 0x88, 0x22, 0x0,
    0xb0, 0x80, 0x1b, 0x68, 0x10, 0x9d, 0x87, 0xdb,
    0x0, 0x34, 0xdc, 0xc9, 0x40, 0x23, 0x4d, 0x0,
    0xb, 0x3a, 0x8, 0x40, 0x1, 0xa, 0x91, 0x80,
    0x12, 0x20, 0xbc, 0x1, 0x52, 0x77, 0x20,

    /* U+7981 "禁" */
    0x0, 0x8f, 0xc8, 0x3, 0x27, 0x88, 0x6, 0xcf,
    0xc0, 0xdf, 0x5f, 0xf5, 0x87, 0x7e, 0x0, 0x3e,
    0xc4, 0x16, 0xd2, 0xe8, 0x0, 0x77, 0xe0, 0x3,
    0xc1, 0x5, 0xe1, 0x4e, 0x0, 0x19, 0x18, 0x1,
    0x9d, 0xc1, 0x68, 0xb4, 0xb2, 0x11, 0x2c, 0x5,
    0x2f, 0x60, 0xde, 0x4b, 0xa4, 0xc, 0xf2, 0x25,
    0x70, 0xa4, 0xe4, 0x72, 0x4, 0x45, 0x9d, 0x10,
    0x41, 0x92, 0xac, 0xb9, 0xc9, 0x2b, 0x42, 0x0,
    0x87, 0xff, 0xfc, 0xa0, 0x17, 0x7f, 0xff, 0xf0,
    0x40, 0x1b, 0x93, 0x2c, 0xc1, 0x96, 0x62, 0x33,
    0x20, 0x1, 0x84, 0x69, 0x99, 0x84, 0xc2, 0x7c,
    0x4c, 0x1, 0x18, 0xb6, 0x88, 0x70, 0x1, 0xf8,
    0x6a, 0x80, 0x3a, 0x6c, 0x22, 0xce, 0x80, 0x3,
    0x8e, 0xc0,

    /* U+79BB "离" */
    0x0, 0xf2, 0x88, 0x7, 0xfc, 0x37, 0x0, 0x1e,
    0xef, 0xfd, 0xc2, 0xdf, 0xfe, 0xda, 0x7b, 0x78,
    0xcc, 0x3b, 0x5b, 0xd6, 0x1b, 0x3b, 0x65, 0xfc,
    0xa5, 0xab, 0x81, 0x80, 0x73, 0x8, 0xce, 0x60,
    0x1e, 0x6f, 0xcc, 0x5c, 0xf8, 0x80, 0x7a, 0xd2,
    0x7b, 0xed, 0x70, 0x3, 0x1f, 0xfd, 0xa0, 0xbf,
    0xf9, 0x41, 0x3f, 0xf6, 0x82, 0xff, 0xf2, 0x80,
    0x26, 0xdc, 0x1e, 0xd1, 0xee, 0x40, 0x32, 0x2a,
    0xd2, 0xe2, 0xca, 0xe0, 0x1d, 0x24, 0xbd, 0xac,
    0x74, 0x1, 0xea, 0xbd, 0xfe, 0xcf, 0xf2, 0x80,
    0x71, 0x21, 0x0, 0x43, 0x76, 0x34,

    /* U+79C1 "私" */
    0x0, 0xf0, 0x80, 0x7f, 0xc4, 0xb1, 0xbc, 0x60,
    0xe, 0x60, 0xe, 0xed, 0xa7, 0x4b, 0x30, 0x31,
    0x0, 0xf6, 0x75, 0x4, 0x20, 0x1, 0x41, 0x0,
    0x38, 0x84, 0x3, 0xd8, 0x24, 0x1, 0xdf, 0xea,
    0xe, 0xf9, 0x4, 0x50, 0xf, 0x4c, 0x88, 0x1a,
    0x74, 0x87, 0x0, 0x3c, 0xc8, 0x40, 0xe8, 0x90,
    0x22, 0x2c, 0x3, 0xa4, 0x41, 0x3c, 0x74, 0x4c,
    0x11, 0x40, 0x25, 0x49, 0xb, 0x5, 0x47, 0x4,
    0x19, 0x0, 0x1d, 0x39, 0x0, 0x34, 0x43, 0x40,
    0x12, 0x64, 0xe, 0x50, 0x1, 0xb8, 0x10, 0x8,
    0x81, 0x40, 0x98, 0x1, 0x91, 0x1, 0xbf, 0xb4,
    0xc, 0x0, 0x10, 0xc, 0xe0, 0x69, 0x37, 0xd0,
    0x26, 0x1, 0xe3, 0xfc, 0x96, 0x41, 0x59, 0x30,

    /* U+7ACB "立" */
    0x0, 0xf9, 0x48, 0x3, 0xff, 0x82, 0x35, 0x40,
    0xf, 0xfe, 0x8, 0x9b, 0x0, 0x7e, 0x37, 0x7f,
    0x23, 0xbf, 0x18, 0x1, 0x62, 0x39, 0x16, 0x23,
    0x90, 0x0, 0xdf, 0xed, 0xef, 0xfd, 0xdb, 0xfe,
    0x70, 0xc, 0x7a, 0xe0, 0x19, 0x35, 0x80, 0x3c,
    0x61, 0x80, 0x1b, 0x1, 0xc0, 0x3e, 0x44, 0x0,
    0x67, 0x31, 0x0, 0xfb, 0x4, 0x80, 0x4, 0x36,
    0x1, 0xf8, 0xc1, 0xc0, 0xa, 0xa, 0x1, 0xf9,
    0x43, 0x0, 0x16, 0x64, 0x1, 0xf8, 0x6a, 0x0,
    0x8e, 0x80, 0x38, 0x7f, 0xf5, 0x77, 0xe8, 0x4f,
    0xfe, 0x20, 0x77, 0xff, 0xe1, 0x18,

    /* U+7B7E "签" */
    0x0, 0xa, 0x80, 0x73, 0x10, 0x7, 0xd3, 0x44,
    0x22, 0x6, 0x97, 0x11, 0xc0, 0x13, 0x6, 0xf7,
    0x2e, 0x2, 0xbb, 0xaf, 0x0, 0x48, 0xd8, 0x3f,
    0x18, 0xe5, 0x84, 0x77, 0x81, 0xb4, 0xa2, 0xa0,
    0x21, 0x1a, 0x34, 0x88, 0x80, 0xed, 0x82, 0xff,
    0x8, 0xec, 0x67, 0xc0, 0x32, 0x0, 0xce, 0x3f,
    0x78, 0xf3, 0x80, 0x71, 0xcf, 0x3a, 0x7a, 0x2f,
    0xa4, 0x75, 0xa8, 0x16, 0x24, 0xd2, 0xdd, 0x52,
    0xd7, 0x65, 0xe0, 0x4b, 0xb5, 0x17, 0xbe, 0x7b,
    0xa0, 0x6, 0x68, 0x80, 0x8b, 0x60, 0x6, 0x5c,
    0x1, 0x76, 0x0, 0xe1, 0x87, 0x20, 0x69, 0x1,
    0x6b, 0x0, 0xf3, 0x93, 0x84, 0xa8, 0xd9, 0x30,
    0x6, 0x45, 0x54, 0x2, 0xa7, 0x3a, 0xba, 0xa9,
    0x0, 0x15, 0x5f, 0xa4, 0x16, 0xa9, 0x20,

    /* U+7BA1 "管" */
    0x0, 0x12, 0x0, 0x72, 0x10, 0x7, 0xa6, 0x84,
    0x7a, 0xe8, 0x47, 0x1, 0x20, 0xf7, 0x57, 0x20,
    0xfd, 0xd6, 0x7, 0x97, 0xa9, 0xfd, 0xbc, 0x79,
    0x2f, 0xe8, 0xa7, 0x4, 0x58, 0xfb, 0xb8, 0x3b,
    0x0, 0x3, 0xd9, 0xfb, 0x1c, 0x2f, 0xfe, 0xc9,
    0xf7, 0x0, 0xe, 0xef, 0xf6, 0x0, 0x44, 0x93,
    0xbb, 0xfa, 0xd0, 0x81, 0x68, 0xf, 0xbb, 0xc2,
    0x16, 0xa0, 0x18, 0xf3, 0x3c, 0x20, 0x1f, 0x1f,
    0xff, 0xb6, 0x40, 0x3c, 0x79, 0x9f, 0x7a, 0x80,
    0x71, 0xe6, 0x7a, 0x84, 0x3, 0xff, 0x92, 0x7b,
    0xbe, 0xb0, 0x8,

    /* U+7C7B "类" */
    0x0, 0x9d, 0x80, 0x17, 0x80, 0x7, 0xa1, 0x0,
    0xe1, 0x95, 0x0, 0xc9, 0x4, 0x20, 0x12, 0xb0,
    0x17, 0xb3, 0x5, 0xb4, 0xf9, 0x94, 0x1, 0x33,
    0x12, 0xc9, 0x12, 0x58, 0xe6, 0x56, 0x0, 0xcf,
    0xf9, 0xc0, 0x33, 0x77, 0xfb, 0x80, 0x31, 0x63,
    0xd2, 0x1c, 0x3f, 0x38, 0x6, 0x4b, 0xd1, 0xd5,
    0x0, 0x3f, 0x44, 0x39, 0x40, 0x1c, 0x17, 0xa4,
    0x6, 0xa0, 0x7, 0xe7, 0xd0, 0x4, 0x4b, 0x11,
    0x4c, 0x45, 0x8e, 0xe8, 0x1, 0xfb, 0xbc, 0x29,
    0xbb, 0xe0, 0x7, 0x66, 0x56, 0x40, 0x25, 0x79,
    0x98, 0x0, 0x67, 0xf, 0x94, 0xd1, 0x40, 0x19,
    0xc0, 0x4, 0x7c, 0xd4, 0xa6, 0x4c, 0x2c, 0xc3,
    0xa0, 0x85, 0x40, 0x47, 0x28, 0x0, 0xfa, 0x42,
    0x28, 0x1, 0xfe, 0xc7, 0x10, 0xe, 0x6c, 0xfc,
    0x10,

    /* U+7CFB "系" */
    0x0, 0xff, 0xa, 0x0, 0x46, 0x8a, 0xcf, 0x35,
    0x9f, 0xd6, 0xc0, 0x39, 0x75, 0x30, 0xc0, 0x93,
    0x7c, 0xc0, 0x3d, 0xcf, 0x71, 0xba, 0x85, 0x11,
    0x0, 0x42, 0x76, 0x9e, 0x81, 0x19, 0xc0, 0x18,
    0xf5, 0xb, 0xfe, 0x79, 0xb0, 0xc, 0x6f, 0x30,
    0x60, 0x9a, 0x96, 0x20, 0x1a, 0x6, 0x6, 0xec,
    0x44, 0x7c, 0x10, 0x4, 0x74, 0xb, 0xc6, 0xf7,
    0x99, 0x68, 0x1, 0x49, 0x18, 0xc0, 0xab, 0x37,
    0xe, 0x3, 0x70, 0xf6, 0x14, 0x51, 0xe8, 0xf2,
    0x0, 0x16, 0xe0, 0x1c, 0x2f, 0x84, 0x5, 0x89,
    0x48, 0x1, 0x97, 0xb, 0xca, 0x8a, 0xd5, 0x98,
    0xa0, 0x11, 0xe0, 0x44, 0x3d, 0x3, 0x24, 0xa0,
    0x2, 0x2f, 0xa0,

    /* U+7EBF "线" */
    0x0, 0x8e, 0x84, 0x2, 0x9e, 0x29, 0x10, 0xe,
    0x94, 0x10, 0x8, 0x40, 0xcd, 0xc4, 0x1, 0x12,
    0xc0, 0x7, 0x8, 0xa1, 0xd8, 0x2, 0x93, 0x68,
    0x46, 0x95, 0xf, 0xd7, 0xe0, 0x3, 0x24, 0x2b,
    0x8f, 0x9b, 0x5, 0xf7, 0xd0, 0x2, 0x2, 0xe9,
    0x96, 0x6b, 0xc1, 0x8d, 0x60, 0x1, 0xba, 0x52,
    0x90, 0x47, 0xf0, 0xdd, 0x59, 0x90, 0x1a, 0xab,
    0xc4, 0xae, 0x84, 0x1b, 0xbf, 0x48, 0x1e, 0x7,
    0x39, 0x3f, 0x68, 0xcc, 0x3b, 0x2, 0x1a, 0x8d,
    0x7c, 0xc0, 0x12, 0xa6, 0x16, 0x88, 0x55, 0xc3,
    0xb2, 0x0, 0x5c, 0x22, 0xc3, 0x0, 0x24, 0xf6,
    0xd0, 0x82, 0x5c, 0x3, 0x14, 0x20, 0x42, 0xce,
    0xe8, 0x3a, 0xc7, 0x29, 0x29, 0x88, 0x33, 0xe,
    0x40, 0x8f, 0xb4, 0x6a, 0xea, 0x6e,

    /* U+7EC6 "细" */
    0x0, 0x8e, 0x44, 0x3, 0xff, 0x81, 0xe, 0x22,
    0xff, 0xfb, 0x80, 0x4, 0x90, 0x1, 0x34, 0x2,
    0x42, 0x0, 0x52, 0x4c, 0x1, 0x53, 0x8e, 0xbe,
    0x0, 0x15, 0x38, 0x32, 0x40, 0x3f, 0x1d, 0x8c,
    0xe1, 0xf0, 0x7, 0xf0, 0x82, 0x1b, 0xb8, 0x3,
    0xf1, 0xf7, 0x9a, 0x40, 0x3, 0x3c, 0x67, 0xe0,
    0x0, 0x3a, 0x14, 0x44, 0x7, 0x90, 0x59, 0x40,
    0x1c, 0x33, 0x76, 0xd0, 0x5b, 0xe, 0x36, 0x0,
    0x9, 0x1a, 0xb6, 0xc0, 0x3f, 0xf, 0x5c, 0x29,
    0x0, 0x7f, 0x89, 0x62, 0xb6, 0xc2, 0xd4, 0x71,
    0x74, 0x13, 0x69, 0x85, 0x70, 0x1e, 0x81, 0x69,
    0x41, 0x6f, 0xb9, 0x70, 0x81, 0x7f, 0xfa, 0x8,

    /* U+7ECF "经" */
    0x0, 0x9d, 0x80, 0x3f, 0xf8, 0x53, 0x80, 0x7f,
    0xfe, 0xe2, 0x0, 0x94, 0x64, 0xa, 0xab, 0x40,
    0x11, 0x0, 0x28, 0x43, 0x30, 0xaa, 0xea, 0xf,
    0x0, 0x98, 0xa4, 0xf1, 0x80, 0x5, 0xa5, 0x66,
    0x0, 0x39, 0x2b, 0xe1, 0x60, 0x7d, 0x20, 0xe2,
    0x0, 0xc6, 0xe5, 0x6f, 0xb0, 0x7b, 0x29, 0xb2,
    0x27, 0xd8, 0x2c, 0xb6, 0x15, 0x84, 0xdc, 0xec,
    0x60, 0xf, 0x38, 0x3e, 0x80, 0x55, 0xdb, 0x64,
    0x4c, 0x23, 0xec, 0xa, 0xaf, 0xb4, 0xc, 0x92,
    0x2f, 0x8b, 0xfe, 0x9, 0xff, 0x48, 0xf, 0xdb,
    0xa0, 0x7, 0xff, 0x0, 0x96, 0x77, 0x84, 0x3,
    0xf8, 0xf6, 0x91, 0x6d, 0xd9, 0xa0, 0xc6, 0x68,
    0x8e, 0xbb, 0x61, 0x26, 0x70, 0x2c, 0xcc, 0xe0,

    /* U+7EDC "络" */
    0x0, 0x84, 0x40, 0x1a, 0x8, 0x3, 0xf4, 0x70,
    0x80, 0x19, 0xc4, 0x3, 0xe1, 0x66, 0x8, 0x2,
    0xc3, 0x3f, 0xea, 0x0, 0xa4, 0x20, 0x1, 0x44,
    0xd3, 0x27, 0xc, 0x0, 0x13, 0xc0, 0x6d, 0x29,
    0x3b, 0xcc, 0x6c, 0x3, 0xe0, 0xa, 0x2d, 0x8d,
    0x3d, 0xc3, 0xd0, 0x0, 0x90, 0xca, 0x53, 0xb8,
    0x14, 0xc9, 0x44, 0x2, 0xff, 0x3, 0x29, 0x47,
    0x3b, 0x99, 0xfe, 0x48, 0x1, 0xa1, 0x91, 0xce,
    0x9b, 0x13, 0xaa, 0xce, 0x18, 0x63, 0x49, 0xf0,
    0xbb, 0xfe, 0xd5, 0x85, 0x7, 0x6b, 0xfc, 0x30,
    0x5, 0x56, 0x1, 0x0, 0x5c, 0xa0, 0xb1, 0x80,
    0xaa, 0xe0, 0xc, 0x4f, 0x9d, 0x2c, 0x1, 0xfe,
    0xd8, 0x79, 0xe5, 0x1, 0xff, 0xc0, 0x1a, 0xba,
    0xd8, 0x40, 0x3, 0x77, 0x80, 0x20,

    /* U+7EDF "统" */
    0x0, 0x8c, 0x40, 0x31, 0x28, 0x7, 0xed, 0xc0,
    0xc, 0x94, 0x60, 0x1e, 0x51, 0x80, 0x23, 0x31,
    0x5, 0x99, 0xc0, 0x14, 0x92, 0x85, 0xe6, 0x2c,
    0x1f, 0x32, 0x10, 0x53, 0x95, 0xea, 0xea, 0x6,
    0xeb, 0xde, 0x12, 0xb2, 0x25, 0xa9, 0x84, 0x14,
    0x85, 0xa8, 0x83, 0x9, 0x48, 0xd0, 0xd1, 0x49,
    0xa2, 0x20, 0x81, 0x33, 0x1, 0x23, 0xa8, 0x17,
    0x96, 0xc3, 0x20, 0x2, 0xd4, 0x4a, 0x24, 0xeb,
    0xdb, 0xa8, 0x80, 0x70, 0x53, 0x69, 0x1c, 0xc0,
    0xe, 0xa9, 0x20, 0x64, 0x91, 0x9c, 0x6, 0x2,
    0x1, 0xe2, 0xfb, 0x71, 0x70, 0x40, 0x50, 0xc,
    0x80, 0x3, 0x8d, 0xd4, 0x8d, 0x98, 0x80, 0x6b,
    0x43, 0xc7, 0x75, 0xe6, 0x97, 0x80, 0x5e, 0xa0,
    0xc7, 0x5f, 0x49, 0x65, 0x46, 0x0, 0x56, 0xa4,
    0x20, 0x50, 0xa, 0x7d, 0x40, 0x2a, 0xff, 0x58,
    0x0,

    /* U+7EF4 "维" */
    0x0, 0x84, 0x3, 0xff, 0x87, 0x76, 0x0, 0x9f,
    0x8f, 0xcc, 0x3, 0x85, 0x74, 0x2, 0xa4, 0x32,
    0x80, 0xe, 0x91, 0x60, 0x2, 0x11, 0xb3, 0x8b,
    0x30, 0x40, 0x5e, 0x7, 0xe, 0x41, 0xa5, 0x55,
    0x32, 0x20, 0xb2, 0x48, 0x2b, 0x21, 0xff, 0xc,
    0x7f, 0x8c, 0x94, 0xb5, 0xad, 0x80, 0x59, 0x83,
    0xac, 0x80, 0x57, 0xa4, 0xcb, 0x4e, 0x13, 0x20,
    0x59, 0x80, 0x2, 0x40, 0x48, 0x27, 0x8f, 0xf8,
    0x63, 0xf0, 0x1, 0x2a, 0x1d, 0xe4, 0x2, 0xaa,
    0x1d, 0x54, 0x0, 0x39, 0xad, 0xe9, 0x0, 0x2a,
    0x80, 0xb5, 0x0, 0xe, 0xc8, 0x52, 0x10, 0x1f,
    0xf0, 0xc7, 0xe0, 0x0, 0x96, 0x77, 0xd8, 0x4,
    0xcc, 0x3c, 0x66, 0x10, 0xda, 0x55, 0x5b, 0x80,
    0x33, 0x0, 0xd9, 0x87, 0xb, 0xfc, 0x84, 0x0,
    0xe, 0xef, 0x9c,

    /* U+7F51 "网" */
    0x8f, 0xff, 0xfe, 0x4, 0x0, 0x26, 0x7f, 0xc0,
    0x10, 0xb3, 0x42, 0x6c, 0xc5, 0xe6, 0x10, 0x8,
    0x88, 0x12, 0x68, 0x16, 0x80, 0x1d, 0x7e, 0x42,
    0x76, 0xc6, 0xa0, 0x1d, 0x21, 0xe0, 0xb1, 0x2b,
    0xe0, 0x1e, 0xe2, 0x30, 0x74, 0x15, 0x0, 0xf1,
    0x89, 0x90, 0x18, 0x58, 0x7, 0x94, 0x4f, 0x81,
    0x89, 0xc8, 0x3, 0xa1, 0x78, 0x1c, 0x7c, 0xa8,
    0x3, 0x49, 0x41, 0x7c, 0x31, 0x74, 0x0, 0x62,
    0x92, 0xb, 0x39, 0x3, 0x0, 0xeb, 0x60, 0x4,
    0x60, 0x23, 0xb8, 0x7c, 0x3, 0xf8, 0xa2, 0x6,
    0xa0,

    /* U+7F6E "置" */
    0x2, 0xff, 0xff, 0xe0, 0x20, 0x6, 0xbf, 0x72,
    0xff, 0xb, 0xfe, 0x0, 0x7a, 0x71, 0x8b, 0x30,
    0x2d, 0x9c, 0x1, 0x8b, 0x3b, 0xf7, 0x9, 0xf3,
    0x7f, 0xb1, 0x40, 0x1b, 0x99, 0xc2, 0x99, 0x9d,
    0x60, 0xf, 0xdd, 0xd4, 0x15, 0xbb, 0xd6, 0x0,
    0x22, 0x66, 0x54, 0x15, 0x99, 0x88, 0x40, 0x30,
    0xce, 0x6e, 0xd9, 0x86, 0x10, 0xf, 0xa7, 0xbb,
    0xcc, 0x1, 0xf9, 0x2a, 0xbc, 0xa0, 0x1f, 0x8c,
    0xfe, 0x10, 0xf, 0xcf, 0x11, 0xe4, 0x0, 0xe1,
    0x10, 0x46, 0x67, 0xa4, 0x4, 0x40, 0xe, 0xe0,
    0x4f, 0x77, 0xa0, 0x3b, 0x82,

    /* U+7F72 "署" */
    0x2, 0xff, 0xff, 0xe0, 0x20, 0x6, 0xbf, 0x62,
    0xff, 0xc, 0x7e, 0x0, 0x78, 0xd0, 0xc1, 0x10,
    0x1c, 0x8a, 0x1, 0xc7, 0x70, 0xc1, 0x72, 0x4b,
    0x14, 0x6e, 0x0, 0x2d, 0x88, 0xac, 0x2a, 0x21,
    0xfc, 0xa4, 0x1, 0x25, 0x55, 0x1, 0x35, 0x4e,
    0xd2, 0x0, 0x85, 0x3f, 0xea, 0xb, 0xc4, 0x25,
    0x90, 0xb, 0xbb, 0xac, 0x2b, 0x54, 0x17, 0x78,
    0x43, 0xfe, 0xe8, 0x30, 0x19, 0xdd, 0xbb, 0xc4,
    0x12, 0x33, 0xa0, 0xc0, 0x67, 0x76, 0xb0, 0x1,
    0x5b, 0xb0, 0xb7, 0xff, 0x8c, 0x2, 0x2d, 0xfa,
    0x26, 0xee, 0xf1, 0x80, 0x62, 0x0, 0x97, 0xff,
    0xc6, 0x1, 0xf9, 0x7b, 0xbc, 0x60, 0x10,

    /* U+80CC "背" */
    0x1, 0x1d, 0xd2, 0xd, 0xe2, 0x6, 0xc0, 0x15,
    0xf7, 0x42, 0x1, 0xab, 0xb3, 0x4, 0x0, 0xaf,
    0xf8, 0x80, 0x36, 0x6f, 0xd1, 0x0, 0xd, 0xa2,
    0x88, 0x3, 0x31, 0x82, 0xf0, 0x3, 0x68, 0xb4,
    0x40, 0x4, 0x1d, 0xfe, 0xa2, 0x0, 0x76, 0x53,
    0x98, 0x1, 0x36, 0xef, 0x60, 0x6, 0x9a, 0x73,
    0xaa, 0x47, 0x74, 0x80, 0x1c, 0xe1, 0x33, 0xe3,
    0x50, 0xf, 0x97, 0x33, 0xcc, 0x1, 0xf9, 0xbb,
    0xbc, 0xe0, 0x1f, 0x89, 0x57, 0xc4, 0x1, 0xf9,
    0x62, 0x3c, 0x80, 0x1f, 0x9b, 0x33, 0x44, 0x10,
    0x3, 0xff, 0x83, 0xf6, 0x8c, 0x1, 0x0,

    /* U+80FD "能" */
    0x0, 0xff, 0xe3, 0x17, 0xb0, 0x8, 0x1f, 0x98,
    0x7, 0xdc, 0x6d, 0x7a, 0x1, 0x33, 0x2f, 0xcc,
    0x1, 0x66, 0x90, 0x26, 0xe0, 0xa, 0xa6, 0x71,
    0x80, 0x1c, 0x50, 0x8d, 0x24, 0x1, 0x78, 0xe2,
    0xe0, 0xc, 0xec, 0xa9, 0xaf, 0x0, 0xe3, 0x82,
    0x6, 0xff, 0xdc, 0xe4, 0x17, 0xfe, 0xc1, 0x20,
    0xa, 0xee, 0x0, 0xc, 0xca, 0xaa, 0xf0, 0xc,
    0xee, 0x0, 0x8e, 0x55, 0x70, 0x80, 0x6c, 0xc5,
    0x80, 0x79, 0xb9, 0x0, 0x37, 0xfb, 0x80, 0x37,
    0xfa, 0x19, 0x80, 0x1b, 0xfd, 0xc0, 0x19, 0x73,
    0xa0, 0x80, 0x37, 0x73, 0x40, 0x35, 0x18, 0x3,
    0x90, 0x2, 0x15, 0x40, 0x0, 0x84, 0xb3, 0x20,
    0x5c, 0x3, 0x64, 0x9b, 0x93, 0x3c, 0x41, 0x58,
    0xc0,

    /* U+8111 "脑" */
    0x0, 0xfe, 0x36, 0x0, 0xf2, 0xff, 0xdc, 0x1,
    0x2c, 0x98, 0x7, 0x87, 0x64, 0x8, 0xcc, 0xa3,
    0x6, 0x70, 0x80, 0x44, 0x61, 0x79, 0x90, 0xa6,
    0x64, 0x80, 0x10, 0x98, 0x5d, 0xf4, 0xb5, 0xd9,
    0x0, 0x3, 0xd2, 0x3, 0x0, 0x29, 0xca, 0x50,
    0x20, 0x63, 0xd2, 0x0, 0x3e, 0xa1, 0x5b, 0x2,
    0x0, 0xc2, 0x60, 0x14, 0x16, 0x13, 0x0, 0x79,
    0x34, 0x2, 0x3f, 0x23, 0x10, 0xc, 0x22, 0xb7,
    0x0, 0xc2, 0x6, 0x60, 0xd, 0xe7, 0xf4, 0x1,
    0x1f, 0x22, 0x38, 0x40, 0x22, 0x60, 0xe, 0x90,
    0xb9, 0x1f, 0x0, 0x98, 0x80, 0x3a, 0x3c, 0xb,
    0x38, 0x2, 0x3b, 0x3d, 0x0, 0xb3, 0x7f, 0xe9,
    0x0, 0x11, 0xd, 0x1d, 0x8a, 0x67, 0xca, 0x0,
    0x2d, 0x7, 0xf8, 0x16, 0x6f, 0x57, 0x0,

    /* U+82E5 "若" */
    0x0, 0xd1, 0xe0, 0x1b, 0xe0, 0x3, 0xa2, 0x64,
    0x81, 0x33, 0x81, 0x26, 0x60, 0x2, 0x2a, 0x88,
    0x15, 0x70, 0x12, 0xac, 0x0, 0xcc, 0x98, 0x3b,
    0xf3, 0x0, 0xd9, 0x90, 0x7, 0x5d, 0x76, 0x88,
    0x55, 0x80, 0x61, 0xff, 0xb2, 0x8c, 0x7b, 0xeb,
    0x3f, 0xe1, 0x15, 0x56, 0x12, 0xaa, 0xfc, 0x20,
    0xab, 0x78, 0xf2, 0xaf, 0xe0, 0xc, 0xea, 0x19,
    0xff, 0xec, 0x0, 0x86, 0xa0, 0x16, 0xab, 0xc4,
    0x1, 0x17, 0xac, 0x6, 0xaa, 0xf9, 0x80, 0x22,
    0x7c, 0x71, 0x0, 0xff, 0xe0, 0x49, 0x80, 0x23,
    0xff, 0xc8, 0x1, 0xf9, 0x66, 0x7c, 0x60, 0x10,

    /* U+84DD "蓝" */
    0xf, 0xff, 0xfe, 0x10, 0x81, 0x14, 0x20, 0x45,
    0x80, 0x48, 0xa0, 0x6, 0xec, 0xc1, 0xbb, 0x81,
    0xb7, 0x61, 0x0, 0x39, 0xc9, 0x20, 0x2, 0xde,
    0x40, 0x3d, 0x28, 0x24, 0x60, 0xa8, 0xfd, 0xfe,
    0x70, 0xf, 0xe9, 0x49, 0x5b, 0xb2, 0x80, 0x7e,
    0x83, 0x82, 0x51, 0x42, 0x0, 0xfd, 0x90, 0x68,
    0xd6, 0x1, 0xdc, 0xe1, 0x8, 0x87, 0x0, 0x44,
    0x80, 0x73, 0xff, 0xa3, 0x3f, 0xf7, 0x44, 0x80,
    0x70, 0xe5, 0x5, 0xe0, 0x4e, 0x10, 0x7, 0xc6,
    0xe0, 0x86, 0xa, 0x60, 0x1c, 0x9a, 0x8, 0x80,
    0x54, 0x4, 0x41, 0x92, 0x9, 0xda, 0x8d, 0xc8,
    0x55, 0x84, 0x58, 0xa5, 0x90,

    /* U+88AB "被" */
    0x0, 0x3c, 0x80, 0x7b, 0x9c, 0x3, 0xc6, 0xc8,
    0x1, 0xff, 0xb, 0x11, 0x30, 0xcd, 0xdd, 0xc,
    0x77, 0x42, 0x51, 0x3, 0x7a, 0x71, 0x98, 0x5,
    0x82, 0x1, 0x3e, 0xe6, 0x84, 0x0, 0x19, 0x83,
    0xac, 0x2c, 0x1, 0xb9, 0x94, 0x0, 0x86, 0x3c,
    0x95, 0x40, 0xa, 0xb, 0xab, 0x2, 0xb0, 0x1a,
    0xe1, 0x40, 0xe, 0xe0, 0x8b, 0xe0, 0x36, 0xff,
    0x50, 0x30, 0x24, 0x18, 0x24, 0xf0, 0xcb, 0x8,
    0x49, 0x88, 0x2b, 0xc0, 0x4a, 0x8a, 0xa8, 0xa9,
    0x8f, 0xc0, 0x3, 0x0, 0x3, 0x94, 0x20, 0xe4,
    0x97, 0x30, 0xf, 0x8c, 0xb4, 0x10, 0x0, 0x62,
    0x1, 0xe3, 0xe2, 0x26, 0xc4, 0x2d, 0x7a, 0x88,
    0x3, 0x1a, 0xf7, 0x1f, 0x5d, 0x3e, 0x4, 0x80,

    /* U+88C5 "装" */
    0x1, 0x0, 0x64, 0x80, 0x45, 0xea, 0x1, 0xd7,
    0xc6, 0x0, 0x45, 0x52, 0x6, 0xaa, 0xc0, 0xa,
    0x64, 0x0, 0x7d, 0x52, 0x41, 0xea, 0x96, 0x1,
    0x43, 0x8, 0x5f, 0xfb, 0x42, 0xbf, 0xdc, 0x0,
    0x4b, 0xe2, 0x0, 0xff, 0x8a, 0xcb, 0x4c, 0x13,
    0xfd, 0xa1, 0x5f, 0xea, 0x2, 0xe9, 0x20, 0x2,
    0xd4, 0x55, 0x74, 0x80, 0x4, 0x1, 0x7e, 0x11,
    0x68, 0xab, 0x8c, 0xb, 0xfe, 0x89, 0xe2, 0x3e,
    0xff, 0xe2, 0x26, 0xed, 0x68, 0x10, 0x49, 0xba,
    0xa5, 0xd2, 0x3, 0x78, 0xb6, 0xd7, 0x94, 0x5b,
    0xa2, 0x20, 0xf, 0x59, 0x82, 0x90, 0x24, 0x41,
    0xb2, 0x0, 0x3, 0xbd, 0x0, 0x93, 0x9e, 0x94,
    0x39, 0x28, 0x0, 0x20, 0xb0, 0x10, 0xad, 0x35,
    0xe8, 0x4a, 0x10, 0xa, 0xfb, 0x65, 0x88, 0x2,
    0x7d, 0xe1,

    /* U+89E3 "解" */
    0x0, 0x15, 0x88, 0x7, 0xff, 0x6, 0x90, 0x40,
    0x2a, 0xff, 0xf0, 0x80, 0x14, 0x3f, 0xe0, 0x8c,
    0x25, 0xc8, 0x1, 0x4, 0x29, 0xd1, 0x50, 0x21,
    0x2f, 0x32, 0x0, 0xa4, 0x6, 0xc4, 0x18, 0x2c,
    0x54, 0x8, 0x41, 0x8, 0x35, 0x91, 0xae, 0x9b,
    0x4f, 0x61, 0x1, 0x28, 0x28, 0x6a, 0x43, 0xa0,
    0x1c, 0x2e, 0x80, 0xc, 0x16, 0x3b, 0x0, 0x92,
    0x86, 0x64, 0x0, 0x9c, 0x30, 0x11, 0xc0, 0x86,
    0x20, 0x3f, 0xe1, 0x0, 0x9c, 0x67, 0xc2, 0xe,
    0xd4, 0x2e, 0xc2, 0x2, 0x12, 0x37, 0x21, 0x9e,
    0x9a, 0x28, 0x80, 0x1, 0x8, 0x80, 0xdc, 0x3f,
    0x3e, 0x7, 0xfc, 0xe1, 0xaf, 0x3, 0x1c, 0x15,
    0x52, 0x85, 0x51, 0x41, 0x30, 0x0, 0x9a, 0x6,
    0xaa, 0xd1, 0x55, 0x11, 0x99, 0x42, 0xfd, 0xe8,
    0x3, 0xf1, 0xe8, 0x1, 0x6b, 0xdc, 0x2, 0x7e,
    0x0, 0x80,

    /* U+8A00 "言" */
    0x0, 0xf1, 0x49, 0x0, 0x7f, 0xf0, 0x4d, 0xf8,
    0x3, 0xf2, 0xaf, 0x22, 0xe, 0x15, 0x78, 0x6,
    0xef, 0xc8, 0x2d, 0x77, 0xc4, 0x3d, 0xdf, 0xfc,
    0x22, 0x0, 0xb3, 0xbb, 0xf8, 0x3, 0xdf, 0x55,
    0xfb, 0x40, 0x3e, 0x77, 0xfc, 0x1, 0xf7, 0x66,
    0x7e, 0xd0, 0xf, 0x6f, 0xff, 0xee, 0x0, 0xf7,
    0xff, 0xf8, 0x40, 0x3c, 0xd7, 0x7e, 0x60, 0xf,
    0xde, 0x89, 0xef, 0x0, 0xfd, 0x1b, 0xbe, 0x80,
    0xf, 0xc9, 0x77, 0xe4, 0x0, 0xc0,

    /* U+8BA1 "计" */
    0x0, 0x3b, 0x80, 0x38, 0xfd, 0x40, 0x3c, 0x31,
    0x40, 0x1f, 0xfc, 0x16, 0xb4, 0x30, 0xf, 0xfe,
    0xa, 0x71, 0x80, 0x7f, 0x8e, 0xaa, 0x61, 0x77,
    0xa8, 0x3d, 0xde, 0x17, 0x66, 0x2f, 0x9c, 0x44,
    0xc0, 0xb1, 0x11, 0x26, 0x60, 0x40, 0xbf, 0xeb,
    0xa, 0xff, 0x8c, 0x3, 0xf9, 0xc0, 0x3f, 0xfa,
    0x4, 0x1, 0xff, 0xc1, 0x2d, 0x90, 0xf, 0xf8,
    0x44, 0x83, 0x20, 0x1f, 0xf4, 0x83, 0x61, 0x0,
    0x7f, 0xd5, 0x49, 0x0, 0xff, 0x80,

    /* U+8BA4 "认" */
    0x0, 0x14, 0x80, 0x7b, 0xdc, 0x3, 0xc2, 0xf8,
    0x20, 0x1c, 0x20, 0x1e, 0x3c, 0x29, 0x0, 0xff,
    0xe0, 0x97, 0xc0, 0x4, 0x20, 0x60, 0x1c, 0xef,
    0x80, 0x31, 0x80, 0x7d, 0x11, 0x80, 0x33, 0x1,
    0x0, 0x77, 0xfa, 0x0, 0x38, 0x83, 0x40, 0x3f,
    0xf8, 0x3c, 0xa, 0x1, 0xff, 0xc1, 0x43, 0x4,
    0x0, 0xfe, 0x10, 0x23, 0x94, 0xf0, 0xf, 0xcf,
    0xe1, 0x62, 0xbe, 0x86, 0x1, 0xda, 0x31, 0x4,
    0x66, 0x2, 0x17, 0x8, 0x4, 0x4a, 0x5a, 0xb4,
    0x50, 0x0, 0xe2, 0xc1, 0x0, 0x13, 0xe9, 0x51,
    0xf8, 0x4, 0x76, 0x48, 0x1, 0x40, 0x2, 0x70,
    0x80, 0x32, 0x72, 0x80,

    /* U+8BAE "议" */
    0x0, 0xff, 0xe2, 0x8e, 0x20, 0x0, 0x40, 0xfc,
    0x80, 0x8, 0x20, 0x1, 0x6b, 0x20, 0xe6, 0x32,
    0x90, 0x1b, 0x60, 0xa, 0x85, 0x40, 0xf0, 0x29,
    0x5, 0x1, 0x0, 0x37, 0xb8, 0x5a, 0x3, 0x30,
    0x30, 0xc, 0x5, 0xdc, 0xc4, 0x8, 0x24, 0x32,
    0x2a, 0x80, 0x2, 0x88, 0x98, 0xc, 0x14, 0x0,
    0x27, 0x80, 0x3, 0xfd, 0x0, 0xcb, 0x20, 0x6,
    0x5, 0x0, 0xfe, 0xe1, 0x70, 0x94, 0x20, 0xf,
    0xe4, 0x39, 0x90, 0xc0, 0x7, 0xfd, 0xe2, 0xcc,
    0x30, 0xf, 0x8a, 0xd4, 0x4, 0x40, 0x1f, 0x84,
    0x25, 0x98, 0x78, 0x8, 0xd6, 0x1, 0xd4, 0xb,
    0xf5, 0x87, 0xf6, 0xe9, 0xce, 0x1, 0x7c, 0x54,
    0xb3, 0xe8, 0x84, 0x59, 0x41, 0x80, 0x19, 0xc2,
    0xba, 0x0, 0x32, 0x66, 0x98,

    /* U+8BB0 "记" */
    0x0, 0xff, 0xe3, 0x63, 0x80, 0xd, 0x57, 0xe0,
    0xd, 0x71, 0x0, 0xaa, 0xfc, 0x20, 0x13, 0xbc,
    0x51, 0xdd, 0xce, 0x1, 0xe8, 0xc2, 0x11, 0xf7,
    0x0, 0x44, 0xef, 0x80, 0x3f, 0xe7, 0x99, 0x46,
    0x0, 0x8, 0xbb, 0x80, 0x25, 0xee, 0x8, 0x0,
    0x77, 0x79, 0xc0, 0x3f, 0xe6, 0xcc, 0x9c, 0x3,
    0xfe, 0xe3, 0x3a, 0x3c, 0x40, 0x3f, 0xf9, 0x23,
    0x26, 0x1, 0xe5, 0xa0, 0xc, 0x2c, 0xe2, 0x1,
    0xe2, 0x50, 0x9, 0x80, 0xfc, 0xc2, 0x9d, 0x98,
    0xf4, 0x60, 0x11, 0x36, 0x8, 0x41, 0xc4, 0xca,
    0x3, 0xc0,

    /* U+8BBE "设" */
    0x0, 0x8, 0x7, 0xff, 0xf, 0x2c, 0x2, 0x4f,
    0xfe, 0x0, 0xe9, 0x4b, 0x0, 0xd3, 0x4c, 0x1,
    0xe4, 0xb6, 0x10, 0x10, 0x65, 0xf0, 0xf, 0x93,
    0x44, 0x38, 0xc0, 0x3e, 0x28, 0x88, 0x42, 0x52,
    0x40, 0x4, 0x17, 0x61, 0x67, 0x78, 0x95, 0xa1,
    0x40, 0x9, 0x4, 0x40, 0x4f, 0xd0, 0x2, 0xc0,
    0xb3, 0x61, 0xf8, 0x10, 0xf, 0x54, 0xcf, 0xc6,
    0x1, 0xf6, 0x4, 0xff, 0xc6, 0x84, 0x1, 0xf0,
    0xbc, 0x90, 0x39, 0xc0, 0x7, 0x97, 0x4a, 0xf,
    0x22, 0x12, 0x60, 0x19, 0x82, 0x58, 0xc3, 0xc5,
    0xcd, 0x80, 0x3b, 0xc1, 0xe9, 0x2b, 0x9, 0x4f,
    0xa0, 0xc0, 0x23, 0xa8, 0x6a, 0x69, 0xda, 0xc4,
    0x7c, 0x10, 0x4, 0x28, 0x3e, 0xe3, 0x0, 0xe,
    0xbf, 0x44,

    /* U+8BBF "访" */
    0x0, 0xff, 0x10, 0x7, 0xd4, 0xc0, 0x1d, 0x1a,
    0x20, 0x1e, 0x29, 0x60, 0xd, 0x60, 0xe0, 0x1e,
    0x85, 0x80, 0x77, 0xac, 0x7d, 0xde, 0x20, 0xa,
    0xbc, 0x22, 0x27, 0x16, 0x88, 0x98, 0x59, 0xa2,
    0xf, 0xf1, 0x2f, 0xff, 0x21, 0x44, 0x26, 0xc0,
    0x23, 0x2, 0x2c, 0x0, 0x3e, 0xe0, 0x80, 0x61,
    0x5d, 0xdc, 0x40, 0x1f, 0x84, 0x1f, 0x30, 0xe0,
    0x60, 0x1f, 0x88, 0x30, 0xcd, 0xc0, 0x20, 0x1e,
    0x24, 0x50, 0x50, 0x0, 0x80, 0x7c, 0xba, 0x74,
    0x62, 0x0, 0xe1, 0x0, 0xc6, 0x25, 0x26, 0x6a,
    0x0, 0x88, 0x80, 0x1a, 0x47, 0x12, 0x89, 0x89,
    0x98, 0x8a, 0x1, 0xaf, 0xc, 0x43, 0xc0, 0x13,
    0x22, 0xb0, 0xc, 0x24, 0x7, 0xc4, 0x5, 0xfe,
    0xd2, 0x0, 0x0,

    /* U+8BCD "词" */
    0x0, 0x8, 0x7, 0xff, 0x4, 0x79, 0xc0, 0x1d,
    0xff, 0xf7, 0x0, 0xc4, 0x18, 0x2e, 0xab, 0xca,
    0x1, 0x3b, 0x50, 0x2a, 0xfd, 0xa0, 0x1a, 0x74,
    0x3b, 0xff, 0x84, 0x0, 0x31, 0x11, 0x5, 0x5d,
    0xf0, 0x80, 0x9, 0x98, 0xec, 0xa, 0xef, 0x94,
    0x2, 0x3e, 0xe0, 0x4, 0x99, 0x99, 0x80, 0x3f,
    0xef, 0xf1, 0x0, 0x7f, 0xf3, 0xd1, 0x6, 0x1,
    0xe1, 0x2, 0xb2, 0xb, 0xb0, 0x80, 0x78, 0x82,
    0x8, 0xaf, 0xf9, 0xc0, 0x3a, 0x2, 0xa5, 0x74,
    0x0, 0x4e, 0xeb, 0x30, 0x4, 0x6a, 0x80, 0x71,
    0xc4, 0x6, 0xc0,

    /* U+8BD5 "试" */
    0x0, 0x42, 0x0, 0x7a, 0x79, 0xa4, 0x3, 0xad,
    0xc0, 0x38, 0x41, 0xdd, 0x0, 0x14, 0x42, 0x8c,
    0xf8, 0x84, 0xa4, 0x3, 0x9f, 0x6b, 0x33, 0x28,
    0x64, 0x38, 0x84, 0x44, 0x71, 0xbb, 0x9c, 0x33,
    0x74, 0x22, 0x34, 0x76, 0x12, 0x2d, 0xa0, 0x45,
    0x0, 0xde, 0x80, 0x7, 0xbb, 0x18, 0x18, 0x7,
    0xe1, 0x92, 0x39, 0x20, 0x60, 0xf, 0xe7, 0x56,
    0x75, 0x2, 0x0, 0xff, 0xe0, 0x88, 0x70, 0x8,
    0x7, 0x15, 0x0, 0x1d, 0x50, 0xd0, 0x3c, 0x40,
    0x4, 0x10, 0xf2, 0xe7, 0x58, 0x86, 0x82, 0x1,
    0x48, 0x47, 0x3a, 0x57, 0xc5, 0x5, 0x90, 0x80,
    0x3b, 0x1c, 0xfa, 0x94, 0x0, 0x50, 0x10, 0x1,
    0x21, 0x80, 0x7e, 0x7f, 0x50,

    /* U+8BE6 "详" */
    0x0, 0xfc, 0x40, 0x19, 0x0, 0x21, 0xd5, 0x0,
    0xa3, 0x44, 0x0, 0xd6, 0x80, 0x1, 0x7a, 0x60,
    0x4, 0x4, 0x0, 0x2c, 0xd0, 0x2, 0xa6, 0xb0,
    0x36, 0x32, 0x68, 0x26, 0x60, 0x6, 0x9c, 0xb,
    0x93, 0x49, 0x70, 0x58, 0x2, 0x77, 0x88, 0x23,
    0xfe, 0x8, 0xff, 0x70, 0x34, 0xc4, 0x14, 0x0,
    0x45, 0x7, 0x91, 0x0, 0x9, 0xde, 0x1, 0xe,
    0xec, 0xf, 0xba, 0x60, 0xf, 0x87, 0x32, 0x6,
    0xcc, 0x38, 0x7, 0xe3, 0x38, 0x38, 0xcc, 0x20,
    0x1f, 0x77, 0xfc, 0x11, 0xff, 0x18, 0x6, 0xfd,
    0x69, 0x98, 0x12, 0x66, 0x20, 0x0, 0x83, 0x32,
    0x59, 0xa0, 0xc6, 0x68, 0x40, 0x12, 0x11, 0x62,
    0x1, 0xff, 0x65, 0x38, 0x7, 0xfc,

    /* U+8BED "语" */
    0x0, 0xff, 0xe2, 0x9f, 0x20, 0x17, 0xff, 0xee,
    0x0, 0x1a, 0x5a, 0x15, 0xda, 0x41, 0xee, 0xea,
    0x0, 0xa9, 0x38, 0x11, 0x6, 0x16, 0x89, 0x80,
    0x35, 0x50, 0x27, 0xe8, 0x33, 0xfd, 0xc0, 0x2,
    0x88, 0x48, 0x85, 0xe1, 0x1e, 0x61, 0x8, 0x0,
    0x2a, 0xce, 0x60, 0x46, 0x48, 0x66, 0x17, 0x0,
    0x1e, 0xe8, 0x1, 0x7f, 0xe0, 0x7f, 0xf2, 0xa7,
    0xb8, 0x7, 0x7c, 0xcf, 0xf2, 0x80, 0x72, 0x20,
    0xcf, 0xe4, 0x20, 0xf, 0x2d, 0x57, 0xc8, 0x1,
    0xc2, 0xfa, 0x3f, 0xfc, 0x1, 0xf6, 0xc3, 0x0,
    0x7f, 0xd4, 0x5, 0xb6, 0x2c, 0xdc, 0x1, 0xd9,
    0x18, 0x40, 0x8, 0x8e, 0x0, 0x80,

    /* U+8BEF "误" */
    0x0, 0x10, 0x7, 0xff, 0x8, 0xb5, 0xc0, 0x7,
    0xff, 0xf3, 0x0, 0x9, 0xe1, 0x80, 0x29, 0xbb,
    0xa8, 0x3, 0xa1, 0x2c, 0x2, 0x44, 0xca, 0x1,
    0xea, 0xf0, 0x9, 0x57, 0x80, 0x21, 0x55, 0x21,
    0x80, 0x51, 0x55, 0x80, 0xc1, 0x6e, 0xd4, 0xa0,
    0x7f, 0xff, 0x28, 0x27, 0x60, 0x5, 0x3f, 0xff,
    0x60, 0x7, 0xd7, 0x74, 0x84, 0xdd, 0xbc, 0x3,
    0xf3, 0x30, 0x0, 0x4c, 0xc1, 0x10, 0x7, 0xe,
    0xed, 0x21, 0x7b, 0xb3, 0x80, 0x61, 0x9d, 0xed,
    0x10, 0x2d, 0xee, 0x30, 0x0, 0x42, 0x98, 0x6,
    0xc6, 0x4a, 0x44, 0x40, 0x15, 0x2, 0x63, 0x63,
    0x43, 0x5a, 0x6b, 0x0, 0x55, 0x16, 0x36, 0x36,
    0xe0, 0x98, 0xd2, 0x60, 0x3, 0x70, 0x3d, 0xd2,
    0x0, 0x47, 0x7a, 0x60,

    /* U+8BF7 "请" */
    0x1, 0x91, 0x0, 0x11, 0x53, 0xe4, 0x50, 0x80,
    0x4, 0xbc, 0x87, 0x76, 0x60, 0xdd, 0xa0, 0x2,
    0xb2, 0xe1, 0xfe, 0xe3, 0x7, 0x75, 0x20, 0x1b,
    0x78, 0x2b, 0xb8, 0xc1, 0xdd, 0x10, 0xa, 0x21,
    0x4c, 0x6f, 0xb8, 0xc1, 0xdd, 0x18, 0x2d, 0xdc,
    0xb1, 0xdd, 0x30, 0x77, 0x61, 0x4d, 0xc0, 0x4,
    0xf6, 0x67, 0xde, 0x20, 0x44, 0x0, 0x9b, 0x37,
    0x76, 0x68, 0x7, 0xf0, 0xf7, 0x67, 0x0, 0xff,
    0xf, 0x76, 0x70, 0xf, 0x8a, 0x40, 0x7f, 0xf3,
    0x80, 0x71, 0x4, 0x9f, 0x8f, 0x76, 0x70, 0xe,
    0x90, 0x9a, 0xf1, 0xff, 0x6d, 0xa8, 0x7, 0x76,
    0x30, 0x7, 0xd, 0xa4, 0x80, 0x0,

    /* U+8D25 "败" */
    0x0, 0xfe, 0x17, 0x10, 0xe, 0x5f, 0xfe, 0x50,
    0x78, 0x0, 0xf8, 0x6a, 0xa0, 0xb, 0x8, 0x40,
    0x3c, 0x6a, 0xea, 0x20, 0x4, 0x16, 0x6c, 0x20,
    0x11, 0x68, 0x80, 0x10, 0x4e, 0x26, 0x63, 0x0,
    0xfd, 0xc3, 0xfd, 0x81, 0xe4, 0x1, 0xf6, 0xa9,
    0x80, 0x14, 0x80, 0x3f, 0x84, 0x88, 0x61, 0x8e,
    0x1, 0xf0, 0x86, 0x6a, 0x48, 0x26, 0x0, 0x70,
    0x80, 0x77, 0xac, 0x3, 0x0, 0x4c, 0x88, 0x30,
    0x66, 0x2, 0x21, 0xd8, 0x3, 0x1c, 0xd2, 0xe5,
    0x18, 0x0, 0x80, 0x80, 0x39, 0xca, 0x1f, 0x80,
    0xe, 0xcc, 0x59, 0x0, 0xa2, 0x14, 0x34, 0x71,
    0x71, 0x9, 0xa6, 0xd2, 0x1, 0xb5, 0x1, 0xc8,
    0x1b, 0x70, 0x5c, 0x72,

    /* U+8D26 "账" */
    0x0, 0xff, 0xe2, 0xf7, 0xfe, 0x31, 0xf4, 0x0,
    0x27, 0x10, 0x5, 0x39, 0x80, 0xf, 0xa9, 0x48,
    0x2, 0x5f, 0x1, 0x0, 0xea, 0x19, 0x0, 0xe2,
    0x0, 0xf5, 0xac, 0x90, 0x7, 0xfc, 0x2d, 0xc,
    0x1, 0xfc, 0xac, 0x1b, 0x64, 0xab, 0x0, 0x7d,
    0x90, 0xf, 0x35, 0x55, 0x80, 0x61, 0x0, 0x4f,
    0x5, 0xc8, 0x7f, 0xb8, 0x2, 0x70, 0x20, 0xe,
    0x60, 0x60, 0xc, 0x46, 0x22, 0x50, 0xe, 0x5b,
    0x0, 0xd9, 0xc5, 0x94, 0x60, 0x1b, 0x89, 0x40,
    0x22, 0x6f, 0x6d, 0x0, 0x8e, 0x49, 0x2c, 0x80,
    0xb1, 0x8e, 0xc9, 0x98, 0x10, 0xa5, 0x47, 0x80,
    0x2d, 0x20, 0x3a, 0xde, 0xb9, 0x84, 0x1c, 0xa0,
    0x38, 0x0, 0x8c, 0x22, 0x8c, 0x2, 0x14, 0x0,

    /* U+8D44 "资" */
    0x0, 0xf8, 0x8c, 0x3, 0xf1, 0xda, 0x80, 0x5d,
    0xe0, 0x1f, 0x84, 0x55, 0xa4, 0xa6, 0x6f, 0xfe,
    0xb0, 0x1, 0x56, 0xa3, 0xd3, 0x72, 0x86, 0xd8,
    0x68, 0x6, 0x2b, 0xd5, 0x93, 0x50, 0x47, 0x56,
    0x0, 0x1c, 0x6e, 0x86, 0x8f, 0xce, 0xe6, 0xa0,
    0x2, 0xc6, 0x4c, 0xaa, 0x63, 0x62, 0x62, 0x6d,
    0x88, 0x6f, 0x49, 0x80, 0xd5, 0x80, 0xf, 0x6b,
    0x4, 0x8, 0x9f, 0xec, 0x4a, 0xff, 0xe3, 0x70,
    0xe, 0x69, 0x94, 0x3c, 0xca, 0x0, 0x3f, 0x6b,
    0x32, 0x8d, 0x9a, 0x0, 0xff, 0x19, 0x68, 0x7,
    0xf1, 0xcb, 0x1e, 0xa0, 0x7d, 0x25, 0x38, 0x6,
    0x20, 0x9c, 0x5a, 0x6a, 0x1a, 0xa5, 0x98, 0x3,
    0xb2, 0x6, 0xec, 0x20, 0xb7, 0xd0, 0x92, 0x0,
    0xce, 0xe5, 0x20, 0x7, 0xb, 0xf5, 0x0,

    /* U+8F7D "载" */
    0x1, 0x33, 0x4f, 0x99, 0x89, 0x7c, 0xa9, 0x0,
    0x24, 0xcc, 0x30, 0x66, 0x20, 0x0, 0x79, 0x68,
    0x0, 0x5f, 0xf4, 0x7, 0xfa, 0x84, 0x0, 0xd2,
    0xc0, 0x3f, 0xf4, 0x7, 0xfd, 0x61, 0xdf, 0x3a,
    0x43, 0x98, 0x81, 0xac, 0xca, 0x42, 0x73, 0x22,
    0x0, 0xb4, 0x44, 0x1, 0x20, 0x11, 0xfb, 0x80,
    0x3b, 0x14, 0x2f, 0x32, 0x60, 0x14, 0x37, 0x0,
    0x6b, 0xf, 0xa3, 0xff, 0x90, 0xb, 0x88, 0xc0,
    0x6, 0xc8, 0xac, 0x6a, 0x80, 0x7a, 0xb4, 0x1,
    0x30, 0x25, 0x92, 0x5c, 0x82, 0xa8, 0x5c, 0x2,
    0x5f, 0xee, 0x1b, 0x77, 0x87, 0x84, 0x2, 0x0,
    0x26, 0xf3, 0x4d, 0xbf, 0x56, 0x0, 0x42, 0x54,
    0x3b, 0x2a, 0x49, 0xbf, 0x20, 0x9a, 0x24, 0x9c,
    0x1d, 0xcc, 0x82, 0x0, 0xa6, 0xc9, 0x67, 0x62,
    0x0, 0xec, 0x90, 0x9b, 0x0, 0x4f, 0x48, 0x0,

    /* U+8F93 "输" */
    0x0, 0x8, 0x7, 0xc2, 0x1, 0xf3, 0x70, 0x7,
    0xe, 0x58, 0x6, 0x15, 0xc3, 0x55, 0x0, 0xb,
    0xd, 0x1c, 0x2, 0x2a, 0x42, 0xab, 0x7, 0xd0,
    0xfb, 0x8b, 0x20, 0x3f, 0xa, 0xcc, 0x6c, 0x5,
    0xa0, 0xba, 0x6b, 0x81, 0x8e, 0xf9, 0x2d, 0x95,
    0xc4, 0x15, 0x31, 0x82, 0xdf, 0xc0, 0x12, 0x31,
    0x16, 0xea, 0xe8, 0x44, 0xcb, 0x65, 0x2b, 0x53,
    0x2a, 0x3f, 0x16, 0x11, 0x13, 0x88, 0x18, 0x3,
    0xfc, 0x1, 0xf6, 0x5d, 0x15, 0x0, 0x33, 0x0,
    0x1f, 0x87, 0x4a, 0xc0, 0x1f, 0xe0, 0xf, 0x17,
    0x71, 0x40, 0xc0, 0x1f, 0xe0, 0xf, 0x13, 0x5b,
    0x94, 0x0, 0x37, 0x40, 0x4, 0x0, 0xd0, 0x9e,
    0x1, 0x8c, 0x40, 0x61, 0x0, 0x3f, 0xec, 0x32,
    0x9b, 0x51,

    /* U+8FC7 "过" */
    0x2, 0x60, 0xf, 0xd3, 0xc0, 0x19, 0x26, 0x0,
    0x3f, 0xf8, 0x2d, 0xe, 0xc8, 0xef, 0xca, 0x2e,
    0xe0, 0x9, 0xe1, 0x36, 0x23, 0x8c, 0x22, 0x0,
    0x19, 0xca, 0x7f, 0xf9, 0x87, 0xfc, 0x2, 0xcd,
    0x10, 0x55, 0x0, 0x3f, 0x1c, 0xcc, 0xe1, 0xca,
    0xe0, 0x1f, 0x17, 0xf0, 0x4, 0x8d, 0x4, 0x1,
    0xff, 0xc1, 0x98, 0x20, 0xf, 0xfe, 0x13, 0x80,
    0xc, 0x3, 0xc6, 0x1, 0xcd, 0xfe, 0x55, 0x0,
    0x66, 0xc0, 0xb7, 0x30, 0x77, 0x45, 0x58, 0x4,
    0x72, 0x5a, 0xd1, 0x9f, 0xcd, 0x37, 0xff, 0x19,
    0xa3, 0xa, 0x3e, 0xe1, 0xd9, 0xa7, 0x89, 0x30,

    /* U+8FCE "迎" */
    0x0, 0xfc, 0x60, 0x1f, 0x88, 0xc0, 0x22, 0xac,
    0x94, 0x4e, 0x0, 0x5e, 0x40, 0x26, 0x8d, 0xdf,
    0xa8, 0x1, 0x32, 0x78, 0x0, 0x5a, 0x0, 0x33,
    0xe4, 0x3, 0x36, 0x40, 0x7, 0xff, 0x8, 0xc0,
    0x3f, 0xf8, 0x5, 0xff, 0x10, 0x7, 0xfc, 0x72,
    0xc0, 0x1f, 0xfc, 0x11, 0x6a, 0x0, 0xf3, 0x0,
    0x7f, 0xc6, 0x17, 0xfe, 0x0, 0x84, 0x3, 0xc3,
    0x20, 0x9, 0x80, 0x7e, 0x82, 0x0, 0xe1, 0xde,
    0xb6, 0x10, 0x7d, 0xcc, 0x0, 0x54, 0x10, 0x42,
    0x1, 0xc6, 0x60, 0xb, 0x1a, 0x47, 0xa9, 0x95,
    0xa9, 0x95, 0xe1, 0x4, 0xad, 0xae, 0x86, 0x2a,
    0xea, 0xa8, 0x77, 0xf, 0xa0, 0x1, 0x6f, 0xbf,
    0xb9, 0xff, 0x8c,

    /* U+8FDB "进" */
    0x0, 0xff, 0xe2, 0xae, 0x8, 0x4, 0xde, 0x21,
    0x5a, 0x1, 0x9c, 0xb0, 0x3, 0xff, 0x82, 0x5a,
    0x50, 0x6f, 0x81, 0x2e, 0xe3, 0x75, 0x0, 0x8f,
    0x22, 0xe1, 0x41, 0xe0, 0x86, 0x38, 0x3, 0x18,
    0x47, 0xc8, 0x77, 0xa9, 0x7d, 0x80, 0xc4, 0x46,
    0x1, 0xff, 0x1a, 0xa9, 0xd9, 0x1f, 0x41, 0x9d,
    0xc6, 0xee, 0x2, 0xdc, 0x0, 0x6c, 0x20, 0x44,
    0x8, 0x62, 0x2, 0x1, 0xd3, 0xe4, 0x9f, 0xe5,
    0x2f, 0xf0, 0x80, 0x79, 0xb, 0x80, 0x3f, 0xf8,
    0x5, 0x66, 0xa0, 0x1f, 0x86, 0x82, 0x41, 0xb4,
    0x2, 0xd4, 0x0, 0x87, 0x1b, 0x1b, 0x49, 0x98,
    0xaa, 0x1e, 0x9b, 0x30, 0x7, 0x9d, 0x58, 0xcc,
    0xaa, 0x93, 0xc, 0xa4, 0x3a, 0x40, 0x4, 0xae,
    0xff, 0xf7, 0x8,

    /* U+8FDE "连" */
    0x0, 0x18, 0x7, 0x31, 0x80, 0x7c, 0xd8, 0x80,
    0x10, 0xcd, 0x80, 0x7c, 0xc9, 0x65, 0x7f, 0xc0,
    0xff, 0xfa, 0xc0, 0x2a, 0x14, 0xfa, 0x3, 0xaa,
    0xef, 0x0, 0x87, 0x99, 0x4, 0x3d, 0xe8, 0x15,
    0x48, 0x0, 0x33, 0x80, 0x12, 0x42, 0xc0, 0x45,
    0x0, 0xf, 0x32, 0x24, 0x22, 0x6d, 0x84, 0x6e,
    0x90, 0xf, 0x64, 0x0, 0x95, 0x98, 0xa0, 0x7c,
    0xc2, 0x80, 0x8, 0x80, 0x12, 0x99, 0x9c, 0x38,
    0xcc, 0x20, 0x1e, 0xde, 0xeb, 0x42, 0x7b, 0xa0,
    0xf, 0x5c, 0xcc, 0xe0, 0xb3, 0x30, 0x7, 0x99,
    0xde, 0xa0, 0xc7, 0x78, 0x0, 0x94, 0x1c, 0x40,
    0x1f, 0xe3, 0xb2, 0xc0, 0xdc, 0x87, 0x57, 0xe8,
    0x9b, 0x52, 0x26, 0x9e, 0x53, 0xb4, 0x41, 0xde,
    0x65, 0x61, 0xd1, 0x0, 0x2d, 0xf7, 0xff, 0xb8,
    0xc0,

    /* U+9001 "送" */
    0x0, 0xf8, 0x40, 0x30, 0x80, 0x66, 0xd1, 0x0,
    0x1f, 0x18, 0x5, 0xf4, 0x1, 0x39, 0xe8, 0x0,
    0xcd, 0xe0, 0x7, 0x18, 0x0, 0x86, 0x8d, 0xc9,
    0x94, 0x59, 0x92, 0x68, 0x60, 0x12, 0x53, 0xba,
    0x58, 0xa6, 0x42, 0x73, 0x60, 0x19, 0x41, 0x7f,
    0xe3, 0x4f, 0xfa, 0x0, 0xff, 0xe2, 0x2e, 0x17,
    0x22, 0xc0, 0x77, 0x0, 0xf, 0xdd, 0x88, 0xf7,
    0x70, 0x82, 0x18, 0x3, 0xf3, 0x14, 0x0, 0xac,
    0xc8, 0x40, 0x38, 0x8c, 0xd8, 0x7, 0x60, 0x66,
    0x0, 0xfd, 0xd, 0x18, 0xb8, 0x80, 0x1f, 0x26,
    0x3b, 0xc1, 0x69, 0x66, 0x0, 0x49, 0xb, 0x10,
    0xb8, 0x0, 0xad, 0x8c, 0x12, 0xc6, 0x5e, 0x9f,
    0x1d, 0x9d, 0xd0, 0x14, 0x8c, 0x5a, 0xdd, 0x2e,
    0xd1, 0x31, 0x7, 0x64, 0x62, 0xd1, 0x0, 0x36,
    0x77, 0xff, 0xb8, 0x80,

    /* U+9002 "适" */
    0x0, 0xff, 0xe2, 0xa2, 0x0, 0x21, 0x34, 0x68,
    0xae, 0xe0, 0x5, 0xd6, 0x80, 0x9d, 0x97, 0x2e,
    0x13, 0x40, 0x15, 0x25, 0x92, 0x77, 0xf9, 0xc6,
    0x9d, 0x0, 0x35, 0x39, 0x33, 0xb3, 0xc, 0x59,
    0xb0, 0x80, 0x6, 0x2, 0x23, 0x20, 0x44, 0x62,
    0x24, 0x44, 0x3d, 0xd9, 0xc7, 0xbb, 0x1b, 0x2b,
    0x38, 0x1, 0x12, 0x31, 0x44, 0x80, 0x9, 0xb4,
    0x1, 0x55, 0xd2, 0x8d, 0x52, 0xc8, 0x3, 0xf4,
    0x77, 0x6a, 0x0, 0xff, 0x78, 0x6, 0x10, 0xf,
    0xf3, 0xff, 0xea, 0x0, 0xee, 0xb, 0x1c, 0xdd,
    0xf8, 0x80, 0x71, 0x24, 0x7a, 0x51, 0xd9, 0x8e,
    0x95, 0x43, 0x2, 0xd6, 0xbb, 0xc, 0x55, 0xda,
    0xa5, 0xd0, 0x87, 0x8c, 0x0, 0x95, 0xdf, 0xfe,
    0xe1,

    /* U+901A "通" */
    0x0, 0xff, 0xe2, 0xc3, 0x80, 0x7, 0xff, 0xf1,
    0x80, 0x3e, 0x1c, 0x7, 0x72, 0x37, 0x4c, 0xc,
    0x60, 0x7, 0x74, 0x30, 0x12, 0x46, 0x4b, 0x44,
    0x80, 0x68, 0x55, 0x1, 0xa5, 0x12, 0x9, 0x98,
    0x40, 0x35, 0x19, 0x66, 0xc1, 0x1, 0xce, 0x30,
    0xa, 0xac, 0x20, 0xb, 0xf6, 0x1f, 0xf0, 0x80,
    0x16, 0xaa, 0x50, 0x5, 0x6b, 0x8e, 0xe8, 0x40,
    0x9, 0xfa, 0x1, 0xb3, 0xe4, 0x7f, 0xc2, 0x1,
    0xfd, 0x9f, 0x23, 0xfe, 0x10, 0xf, 0xea, 0xd7,
    0x1d, 0xd0, 0x80, 0x7f, 0x31, 0x70, 0x18, 0x8,
    0x6, 0x50, 0xc0, 0xe, 0x35, 0xd1, 0x40, 0x5,
    0xcd, 0x27, 0xbb, 0x8d, 0x78, 0x2e, 0x2c, 0x44,
    0xb8, 0xb9, 0x7, 0x79, 0x95, 0xda, 0x58, 0x45,
    0xe4, 0x0, 0x5b, 0xff, 0x77, 0xfe, 0xe0,

    /* U+9057 "遗" */
    0x6, 0xc1, 0x4, 0xff, 0xfc, 0x80, 0x6, 0x5c,
    0x10, 0x7, 0x78, 0xbf, 0xe8, 0x7, 0x48, 0x20,
    0x3, 0x34, 0x5b, 0x70, 0x3, 0xda, 0xa9, 0xbf,
    0xe1, 0x7f, 0xcd, 0x40, 0x1, 0x14, 0x9f, 0xbb,
    0xb, 0x6e, 0xde, 0x27, 0xbb, 0x3e, 0xdd, 0xfe,
    0xd1, 0x2b, 0x80, 0x13, 0xbb, 0xfa, 0x88, 0x5,
    0xc, 0x3, 0x5f, 0xbe, 0x7b, 0x80, 0x7f, 0xf0,
    0x1d, 0x40, 0x3f, 0xe2, 0x5, 0x2, 0x4e, 0x40,
    0xf, 0x87, 0xb6, 0x9c, 0x6a, 0xc, 0x80, 0x5,
    0x21, 0x53, 0x87, 0x90, 0xbd, 0x45, 0x0, 0x7a,
    0xd4, 0xae, 0xde, 0xe6, 0x88, 0x1d, 0x24, 0x72,
    0xb5, 0xd8, 0x5a, 0xbc, 0xbb, 0x54, 0xb8, 0x26,
    0x0, 0x4d, 0x9f, 0xee, 0xe7, 0xfe, 0x40,

    /* U+9075 "遵" */
    0x0, 0xf9, 0x80, 0x23, 0x50, 0xc, 0x88, 0x0,
    0x86, 0x98, 0x7, 0x7c, 0x3, 0x75, 0x98, 0x7f,
    0x1c, 0xff, 0xa, 0xfe, 0x80, 0x28, 0xf4, 0xbf,
    0xe1, 0xc2, 0xbf, 0xf6, 0x80, 0x5a, 0xc4, 0xbf,
    0xa3, 0xc5, 0x5b, 0xec, 0x1, 0xc, 0x0, 0xa,
    0x7, 0x4d, 0xec, 0x2, 0x17, 0x78, 0x40, 0xff,
    0x43, 0xfc, 0x1, 0x8e, 0x65, 0x4, 0x2, 0xdf,
    0x9f, 0x54, 0x0, 0x8b, 0xb4, 0x3, 0x2a, 0xf8,
    0x3, 0xf3, 0xde, 0xee, 0x72, 0xb4, 0x0, 0xe7,
    0xdb, 0xbe, 0x14, 0xbd, 0x10, 0xc, 0xff, 0xa3,
    0x3f, 0xe1, 0x6f, 0xf0, 0x80, 0x28, 0x24, 0xb,
    0x45, 0x78, 0x7c, 0x3, 0x5b, 0x4b, 0x74, 0x31,
    0xb5, 0xd1, 0xbd, 0x20, 0x35, 0xb6, 0x42, 0x55,
    0xe5, 0x55, 0x8, 0xa1, 0x88, 0x0, 0x6c, 0xff,
    0x77, 0x3f, 0xee, 0x10,

    /* U+914D "配" */
    0x1f, 0xff, 0x93, 0x77, 0xb0, 0x6, 0xec, 0x30,
    0x17, 0x66, 0x55, 0xc2, 0x40, 0x4, 0x40, 0x20,
    0x22, 0xa, 0x23, 0x20, 0x5, 0x7e, 0x38, 0x1f,
    0x40, 0x1f, 0xce, 0xc7, 0x8, 0xa2, 0x1, 0xfe,
    0xf7, 0x32, 0xd0, 0x2d, 0xdc, 0xe0, 0x1c, 0xec,
    0x1, 0x9, 0x25, 0x51, 0x0, 0x36, 0xb1, 0xa4,
    0x80, 0x5a, 0xee, 0x89, 0x0, 0x8a, 0xc7, 0x64,
    0x3, 0xc6, 0xe0, 0x19, 0x51, 0x1a, 0x1, 0xff,
    0x24, 0x44, 0x80, 0x1f, 0x38, 0x80, 0x2f, 0x32,
    0x60, 0xf, 0xa5, 0xc0, 0x13, 0xff, 0x38, 0x10,
    0x7c, 0x3c, 0x89, 0x0, 0x23, 0x76, 0x83, 0x17,
    0x65, 0xa4, 0x64,

    /* U+91CD "重" */
    0x0, 0xf8, 0x48, 0xd5, 0xe4, 0x3, 0xa7, 0x7b,
    0xfd, 0xdb, 0x97, 0x63, 0x30, 0x6, 0xa8, 0xab,
    0xc2, 0x4f, 0xec, 0xa3, 0x0, 0xb7, 0xa2, 0x65,
    0xc4, 0x9b, 0xbe, 0x0, 0x44, 0x78, 0x4e, 0x23,
    0xc0, 0x5, 0x38, 0x8c, 0x27, 0x11, 0x89, 0x40,
    0x21, 0x2e, 0xe8, 0x93, 0xba, 0x2f, 0x0, 0xf7,
    0x7f, 0x89, 0x3f, 0xe0, 0xf, 0xdf, 0xdc, 0x24,
    0xee, 0x80, 0x3f, 0x66, 0x44, 0x99, 0x90, 0x7,
    0x9b, 0x73, 0x22, 0x4c, 0xcb, 0x64, 0x3, 0x7e,
    0x66, 0x24, 0xcc, 0xde, 0x40, 0x16, 0xef, 0x12,
    0x6e, 0xf1, 0x0, 0xc, 0x3, 0xce, 0x1, 0xc6,
    0x3, 0x99, 0xe2, 0x3c, 0xcf, 0x10,

    /* U+94A5 "钥" */
    0x0, 0x14, 0x88, 0x7, 0xff, 0x2, 0x1c, 0x40,
    0x2d, 0xff, 0xe8, 0x2, 0x51, 0xff, 0x84, 0x12,
    0xaa, 0x0, 0xf, 0x94, 0xce, 0x10, 0x25, 0x58,
    0x41, 0x4b, 0x99, 0xb0, 0x7, 0xe4, 0x7c, 0xff,
    0xb0, 0x0, 0xdf, 0xf0, 0x80, 0x26, 0x42, 0x93,
    0x20, 0x2, 0x5d, 0xc0, 0x10, 0xb0, 0x13, 0x28,
    0x0, 0x91, 0x21, 0x0, 0x55, 0x5, 0x2a, 0x80,
    0x67, 0xc2, 0x0, 0x11, 0x0, 0x4, 0x40, 0x2b,
    0x99, 0x0, 0x57, 0x61, 0x4b, 0xb0, 0x83, 0xee,
    0xc2, 0x1, 0xf0, 0x90, 0x59, 0x14, 0x1, 0xe5,
    0xca, 0xb0, 0x30, 0xf, 0x98, 0x4d, 0xbd, 0x90,
    0x0, 0xce, 0x20, 0x11, 0xa6, 0xd1, 0xc, 0x80,
    0x32, 0xa, 0x80, 0xb, 0x64, 0xd, 0xc4, 0x0,
    0xaf, 0xd2,

    /* U+94B1 "钱" */
    0x0, 0x36, 0x0, 0x74, 0x71, 0xd2, 0x0, 0x68,
    0x3f, 0xf3, 0x80, 0x3c, 0x4e, 0x7c, 0x40, 0x16,
    0x71, 0x12, 0x0, 0x3c, 0x22, 0x5e, 0xc1, 0x11,
    0x2e, 0xf1, 0xdf, 0xb8, 0x33, 0x17, 0xc1, 0x22,
    0xff, 0xe4, 0xe9, 0x80, 0xfc, 0x95, 0x0, 0x3c,
    0x91, 0xca, 0xa9, 0x90, 0x15, 0x51, 0x82, 0x0,
    0x66, 0x2b, 0xa, 0x3c, 0x5, 0xd3, 0x81, 0x82,
    0xa9, 0x89, 0x55, 0x70, 0xc0, 0xb9, 0xfc, 0x41,
    0x74, 0x49, 0x59, 0x8f, 0xd3, 0x3a, 0xb4, 0x43,
    0xbd, 0x1b, 0xe4, 0xc0, 0xa, 0x90, 0xb6, 0x20,
    0x1e, 0x30, 0xb, 0x9, 0xe9, 0x0, 0x33, 0xa7,
    0x40, 0x14, 0xd0, 0x2a, 0x9c, 0xc0, 0x6, 0x62,
    0x99, 0x66, 0xa4, 0xc9, 0x66, 0x4c, 0x1, 0x2f,
    0x39, 0x2d, 0x6b, 0x31, 0xd8, 0x94,

    /* U+9501 "锁" */
    0x0, 0x35, 0x0, 0x4e, 0x41, 0xce, 0xe, 0xc0,
    0x1, 0x85, 0xee, 0x4f, 0xf8, 0x2, 0x28, 0x30,
    0x6, 0x95, 0x5d, 0xaa, 0xd, 0x0, 0x16, 0x8a,
    0xa, 0x5a, 0xab, 0x1a, 0xb1, 0xe, 0x76, 0x18,
    0x2c, 0xf7, 0xfc, 0xbc, 0xf2, 0x9, 0x10, 0x40,
    0x3, 0x48, 0x2c, 0xb8, 0x37, 0xef, 0x78, 0x6,
    0x16, 0x1c, 0x62, 0x0, 0xb5, 0xc0, 0x39, 0x54,
    0x38, 0xa4, 0x1, 0xfe, 0xba, 0x5, 0xa5, 0x0,
    0xff, 0x77, 0x8c, 0xfb, 0x80, 0x4, 0xc, 0x3,
    0xff, 0x82, 0xc0, 0x80, 0x1f, 0xe, 0x61, 0xe7,
    0xe1, 0x61, 0x75, 0x80, 0x24, 0x5, 0x5a, 0xa5,
    0x2c, 0x6b, 0xd0, 0x2, 0xe3, 0xd9, 0xf7, 0x8b,
    0x18, 0xe7, 0xa2, 0x0, 0x56, 0x10, 0x67, 0xb8,
    0x4, 0x35, 0xc4,

    /* U+9519 "错" */
    0x0, 0x35, 0x80, 0x67, 0xe0, 0x2f, 0x20, 0xd,
    0xe, 0xf1, 0xa6, 0x82, 0x20, 0x11, 0x0, 0xa,
    0x13, 0x88, 0x2d, 0xa8, 0xdc, 0x84, 0xd0, 0x22,
    0xd7, 0xfc, 0xdf, 0x3, 0xfa, 0x1b, 0xc0, 0x8d,
    0x39, 0x92, 0x23, 0x81, 0x10, 0x8, 0x81, 0x8,
    0xb2, 0x7b, 0x2b, 0x61, 0xb9, 0x9, 0xb5, 0x1,
    0x73, 0xc7, 0x6f, 0xff, 0xc8, 0xa, 0xa3, 0xd5,
    0x33, 0x55, 0x78, 0xc0, 0x17, 0x42, 0xb5, 0x6c,
    0xa6, 0x70, 0x2b, 0x80, 0x3b, 0xca, 0x3e, 0x0,
    0x15, 0x57, 0x0, 0x7f, 0xf0, 0x33, 0x2b, 0x0,
    0xf1, 0xde, 0xb0, 0x3, 0xfe, 0xe0, 0xe, 0x61,
    0x2a, 0x60, 0x6, 0xed, 0x80, 0x1c, 0xaf, 0xce,
    0x1, 0x44, 0x56, 0x20, 0x0,

    /* U+95EE "问" */
    0x7, 0x0, 0xff, 0xe0, 0xc, 0xd8, 0x2f, 0xff,
    0xe8, 0x1c, 0x4a, 0x7a, 0xaf, 0x80, 0x22, 0xac,
    0x25, 0x5f, 0x84, 0x23, 0x95, 0x80, 0x3f, 0xf8,
    0x4a, 0xcd, 0x94, 0x3, 0xf5, 0xcc, 0xeb, 0x0,
    0xfe, 0x9f, 0xf3, 0x80, 0x7f, 0xf6, 0xa7, 0xfc,
    0xe0, 0x1f, 0xe6, 0xaa, 0xc0, 0x1f, 0xa6, 0x95,
    0x64, 0x0, 0xfc, 0xe6, 0x1, 0xb, 0x38, 0x80,
    0x7f, 0x86, 0x60, 0xea, 0x38, 0x3, 0xf7, 0xfb,
    0x8,

    /* U+9664 "除" */
    0x0, 0xfc, 0x32, 0x40, 0x1b, 0xbf, 0xe7, 0x0,
    0xa1, 0x98, 0x1, 0xcd, 0x40, 0x20, 0x6, 0x62,
    0x59, 0x80, 0x6c, 0x60, 0x70, 0x69, 0x95, 0x9e,
    0x98, 0x6, 0x44, 0xc, 0x4b, 0xb0, 0x69, 0x64,
    0x0, 0x59, 0xae, 0xe3, 0xe5, 0x52, 0x50, 0xa8,
    0x80, 0x5c, 0xfa, 0x31, 0x54, 0xb8, 0x86, 0x8,
    0x2, 0x5c, 0x89, 0xbd, 0x61, 0x9c, 0xc2, 0x1,
    0x11, 0x2a, 0x22, 0xe0, 0xb8, 0x88, 0x3, 0x88,
    0xb3, 0x1, 0x14, 0x20, 0xd, 0xe2, 0xea, 0x38,
    0x80, 0x49, 0xf4, 0x80, 0x3a, 0xf1, 0x1d, 0xc6,
    0x1, 0xa8, 0x40, 0x6, 0xa6, 0x68, 0x80, 0x80,
    0x52, 0x74, 0x1, 0xd6, 0xae, 0xb8, 0x6, 0x1c,
    0x1, 0xe8, 0xa0, 0xa7, 0x51, 0x3, 0xb0, 0xe5,
    0x0, 0xc3, 0xfe, 0xa0, 0xe,

    /* U+968F "随" */
    0x0, 0xfe, 0x85, 0x0, 0xdd, 0xff, 0x20, 0x80,
    0x4e, 0x60, 0x1c, 0xd0, 0x1f, 0xa1, 0xfe, 0x9,
    0xff, 0x80, 0x18, 0x22, 0xa2, 0x6a, 0x13, 0xbb,
    0xc0, 0x17, 0xb8, 0xc7, 0x88, 0xad, 0x9a, 0x50,
    0x9, 0x74, 0x1a, 0x64, 0x11, 0xbb, 0x38, 0x4,
    0x20, 0x8b, 0x44, 0x15, 0xfe, 0x10, 0xd, 0x5f,
    0xb6, 0x9a, 0x35, 0xfe, 0x10, 0xc, 0xa9, 0x30,
    0x4, 0x15, 0xfe, 0x10, 0xc, 0x60, 0x40, 0x1a,
    0xbf, 0xc2, 0x1, 0x14, 0x81, 0x80, 0x69, 0xee,
    0x8, 0x4, 0x2e, 0x82, 0x1, 0x8c, 0x4c, 0x40,
    0x23, 0xfb, 0x1d, 0x12, 0x0, 0xb0, 0x90, 0x3,
    0xe, 0x1b, 0xeb, 0x82, 0x54, 0x28, 0x7, 0x3c,
    0x43, 0xa, 0xee, 0xa9, 0xe, 0x50, 0x1a, 0x0,
    0x1d, 0xf7, 0xfd, 0xc0,

    /* U+9694 "隔" */
    0x0, 0xff, 0xe1, 0xf7, 0xfc, 0xfb, 0xff, 0xf8,
    0x0, 0xd4, 0x3, 0x37, 0x7f, 0x80, 0x18, 0x20,
    0xcc, 0xbb, 0xf9, 0x80, 0x2c, 0x50, 0xb, 0x3b,
    0xac, 0x0, 0xe4, 0xf0, 0xa, 0x2e, 0xe8, 0x0,
    0xe4, 0x90, 0x2a, 0xef, 0xfb, 0xa8, 0xc0, 0x29,
    0x33, 0x54, 0x47, 0xd6, 0x1, 0x9, 0x23, 0x25,
    0x5c, 0xdd, 0x38, 0x80, 0x77, 0x87, 0x5, 0x27,
    0xf1, 0x0, 0x45, 0xa5, 0x80, 0x6, 0x14, 0x6b,
    0x0, 0xc4, 0xb4, 0x80, 0xf, 0x2b, 0xc, 0x0,
    0xe8, 0x50, 0xb, 0xb4, 0x3b, 0x80, 0x1f, 0xfc,
    0x22, 0x20, 0x7, 0xff, 0x6, 0x57, 0x3, 0x94,
    0x2, 0xc7, 0x2, 0xf1, 0xbf, 0x70,

    /* U+969C "障" */
    0x0, 0xfc, 0x90, 0x1, 0xdd, 0xff, 0x51, 0x19,
    0xb1, 0xd0, 0xcc, 0x20, 0x6, 0xa1, 0x8, 0xcc,
    0x38, 0x5e, 0x62, 0x0, 0x1e, 0x83, 0xd5, 0xc1,
    0x9f, 0x23, 0xd2, 0x1, 0x31, 0x7, 0xf0, 0x67,
    0xc8, 0xf7, 0x90, 0x2, 0xd5, 0x59, 0x9f, 0xc4,
    0x0, 0xa6, 0x0, 0x6e, 0xfc, 0x20, 0x13, 0x1b,
    0x38, 0xd6, 0x65, 0x2, 0x1, 0xc9, 0x80, 0xa,
    0xff, 0xa0, 0x3, 0xe7, 0x0, 0x6e, 0x65, 0x0,
    0x18, 0x71, 0x91, 0xcb, 0xbf, 0xbe, 0xc8, 0xc0,
    0x2, 0x93, 0x21, 0xff, 0x58, 0x47, 0xf8, 0xc0,
    0x28, 0x65, 0xdd, 0xa8, 0x27, 0x76, 0x30, 0xc,
    0x9f, 0xf5, 0x85, 0xff, 0xc6, 0x1, 0xf9, 0xc1,
    0xc0, 0x37, 0x30, 0x7, 0x8f, 0xcc, 0x3, 0x0,

    /* U+9732 "露" */
    0x0, 0x77, 0xff, 0xfb, 0x40, 0x37, 0xf7, 0x62,
    0x3e, 0xed, 0x80, 0x17, 0x73, 0xff, 0x11, 0xff,
    0xee, 0xd0, 0xa, 0x62, 0x65, 0x84, 0x7b, 0x32,
    0xb7, 0x0, 0x90, 0x8b, 0x18, 0x0, 0x48, 0x83,
    0xc8, 0x0, 0xa5, 0xfe, 0xe1, 0xb, 0xa4, 0x77,
    0xb4, 0x80, 0xa, 0x80, 0x29, 0xcb, 0xa2, 0x33,
    0x40, 0x80, 0x5, 0x26, 0x5a, 0x8b, 0xc6, 0xfa,
    0xa8, 0x20, 0x1b, 0xfd, 0x0, 0x57, 0x67, 0x81,
    0xd0, 0x8, 0xae, 0xb, 0x30, 0xee, 0xe0, 0x33,
    0x5a, 0x0, 0x1f, 0xd8, 0x22, 0x19, 0xa9, 0x7e,
    0xeb, 0x68, 0x1, 0xc4, 0x48, 0x71, 0xaf, 0x61,
    0xb4, 0x0, 0x3b, 0x6, 0xe9, 0xf4, 0x7b, 0x90,
    0x8, 0x5, 0x5, 0x7, 0xde, 0xe0, 0x3f, 0xe9,
    0x0, 0x80,

    /* U+9875 "页" */
    0xc, 0xff, 0xff, 0xe0, 0x70, 0x45, 0x56, 0x80,
    0x4a, 0xae, 0xb0, 0x45, 0x5c, 0x21, 0xa, 0xbe,
    0x0, 0x13, 0x35, 0x40, 0xac, 0xd8, 0xc0, 0x27,
    0x99, 0x8c, 0x26, 0x7a, 0xc0, 0x3b, 0x7f, 0xdb,
    0xaf, 0xf8, 0x3, 0xfd, 0x3c, 0x1, 0xff, 0xdf,
    0x66, 0x0, 0x7f, 0xf0, 0x18, 0xb5, 0x88, 0x7,
    0xc0, 0x25, 0xf2, 0x79, 0x35, 0xad, 0xbd, 0x70,
    0x8, 0xe3, 0xa1, 0x70, 0xb2, 0x9b, 0x28, 0x83,
    0x71, 0x9f, 0x68, 0x2, 0x5d, 0x94, 0x90, 0xfd,
    0xe9, 0x20, 0xf, 0x37, 0xd0,

    /* U+987B "须" */
    0x0, 0xc8, 0x1, 0xff, 0xc2, 0x8b, 0x4f, 0xff,
    0xe0, 0x9, 0x9d, 0xc9, 0x53, 0x24, 0x8, 0x99,
    0x80, 0x13, 0x26, 0x80, 0x56, 0x60, 0xb, 0xb3,
    0x40, 0xe, 0x89, 0x0, 0x1f, 0xf9, 0x7, 0xfe,
    0x50, 0x3, 0xb8, 0x29, 0xc0, 0xf, 0x55, 0x40,
    0x7, 0xad, 0x50, 0x1, 0x89, 0xec, 0x80, 0x18,
    0xb1, 0x2c, 0xc0, 0x23, 0x56, 0x0, 0xef, 0x1c,
    0x40, 0xf, 0xfe, 0x6, 0x69, 0x92, 0x0, 0x70,
    0x80, 0x70, 0x80, 0x3a, 0x5c, 0x0, 0xc0, 0xe0,
    0x1f, 0x49, 0xf2, 0xbb, 0x71, 0x8, 0x9d, 0xc0,
    0x1, 0xc6, 0x93, 0x18, 0x45, 0xbf, 0xf6, 0x10,
    0x17, 0x1d, 0xb0, 0x15, 0x4c, 0x36, 0x3d, 0xc8,
    0x14, 0x6a, 0x1, 0xeb, 0xdb, 0x80, 0xd4, 0xb1,
    0x3, 0x90, 0x0, 0xf7, 0x48, 0x1, 0x9b, 0x88,

    /* U+9AD8 "高" */
    0x0, 0xf9, 0x90, 0x3, 0xff, 0x83, 0x70, 0x1,
    0xf7, 0xff, 0x88, 0xff, 0xfb, 0x82, 0xef, 0xff,
    0x83, 0x40, 0x88, 0xfa, 0xaf, 0xd2, 0x88, 0x0,
    0xc5, 0xdd, 0xe5, 0x0, 0xf8, 0xf3, 0x3c, 0xa0,
    0x1e, 0x8b, 0x88, 0xf5, 0x70, 0x4, 0xff, 0x97,
    0x7f, 0xb3, 0xdc, 0x2, 0xbb, 0xff, 0x0, 0x72,
    0x1d, 0xdf, 0x81, 0x0, 0x3e, 0x1e, 0xeb, 0x40,
    0x3f, 0xe2, 0x28, 0x40, 0x3f, 0xc3, 0xdd, 0x88,
    0xcc, 0x1, 0xe6, 0xdd, 0xf7, 0x71, 0x14,

    /* U+FF01 "！" */
    0x2f, 0xf0, 0x18, 0x7, 0xc2, 0x2, 0x1, 0x18,
    0x0, 0x44, 0x0, 0x37, 0x0, 0x9, 0x0, 0x32,
    0x40, 0x4, 0x20, 0x3b, 0xc0, 0x1, 0x20, 0x1e,
    0xd0,

    /* U+FF0C "，" */
    0x8, 0xc2, 0x7, 0x3b, 0x9, 0x12, 0x6, 0xc,
    0x3d, 0x37, 0x72, 0xe8, 0x0,

    /* U+FF1A "：" */
    0x0, 0xed, 0xf2, 0x12, 0x6, 0x1b, 0xa4, 0x4,
    0x50, 0xf, 0xfe, 0x12, 0xb0, 0xd, 0x4a, 0x89,
    0xb, 0x86, 0xf1, 0x0
};


/*---------------------
 *  GLYPH DESCRIPTION
 *--------------------*/

static const lv_font_fmt_txt_glyph_dsc_t glyph_dsc[] = {
    {.bitmap_index = 0, .adv_w = 0, .box_w = 0, .box_h = 0, .ofs_x = 0, .ofs_y = 0} /* id = 0 reserved */,
    {.bitmap_index = 0, .adv_w = 58, .box_w = 0, .box_h = 0, .ofs_x = 0, .ofs_y = 0},
    {.bitmap_index = 0, .adv_w = 88, .box_w = 3, .box_h = 12, .ofs_x = 1, .ofs_y = 0},
    {.bitmap_index = 18, .adv_w = 133, .box_w = 6, .box_h = 6, .ofs_x = 1, .ofs_y = 7},
    {.bitmap_index = 37, .adv_w = 146, .box_w = 9, .box_h = 12, .ofs_x = 0, .ofs_y = 0},
    {.bitmap_index = 92, .adv_w = 146, .box_w = 9, .box_h = 16, .ofs_x = 0, .ofs_y = -2},
    {.bitmap_index = 154, .adv_w = 240, .box_w = 15, .box_h = 12, .ofs_x = 0, .ofs_y = 0},
    {.bitmap_index = 239, .adv_w = 181, .box_w = 12, .box_h = 12, .ofs_x = 0, .ofs_y = 0},
    {.bitmap_index = 305, .adv_w = 76, .box_w = 3, .box_h = 6, .ofs_x = 1, .ofs_y = 7},
    {.bitmap_index = 315, .adv_w = 91, .box_w = 4, .box_h = 18, .ofs_x = 1, .ofs_y = -4},
    {.bitmap_index = 348, .adv_w = 91, .box_w = 5, .box_h = 18, .ofs_x = 0, .ofs_y = -4},
    {.bitmap_index = 391, .adv_w = 124, .box_w = 7, .box_h = 6, .ofs_x = 0, .ofs_y = 7},
    {.bitmap_index = 412, .adv_w = 146, .box_w = 9, .box_h = 9, .ofs_x = 0, .ofs_y = 2},
    {.bitmap_index = 440, .adv_w = 76, .box_w = 4, .box_h = 7, .ofs_x = 0, .ofs_y = -4},
    {.bitmap_index = 455, .adv_w = 91, .box_w = 5, .box_h = 3, .ofs_x = 0, .ofs_y = 3},
    {.bitmap_index = 461, .adv_w = 76, .box_w = 3, .box_h = 3, .ofs_x = 1, .ofs_y = 0},
    {.bitmap_index = 466, .adv_w = 100, .box_w = 6, .box_h = 16, .ofs_x = 0, .ofs_y = -3},
    {.bitmap_index = 508, .adv_w = 146, .box_w = 9, .box_h = 12, .ofs_x = 0, .ofs_y = 0},
    {.bitmap_index = 559, .adv_w = 146, .box_w = 8, .box_h = 12, .ofs_x = 1, .ofs_y = 0},
    {.bitmap_index = 582, .adv_w = 146, .box_w = 9, .box_h = 12, .ofs_x = 0, .ofs_y = 0},
    {.bitmap_index = 630, .adv_w = 146, .box_w = 9, .box_h = 12, .ofs_x = 0, .ofs_y = 0},
    {.bitmap_index = 680, .adv_w = 146, .box_w = 9, .box_h = 12, .ofs_x = 0, .ofs_y = 0},
    {.bitmap_index = 723, .adv_w = 146, .box_w = 9, .box_h = 12, .ofs_x = 0, .ofs_y = 0},
    {.bitmap_index = 771, .adv_w = 146, .box_w = 9, .box_h = 12, .ofs_x = 0, .ofs_y = 0},
    {.bitmap_index = 824, .adv_w = 146, .box_w = 9, .box_h = 12, .ofs_x = 0, .ofs_y = 0},
    {.bitmap_index = 864, .adv_w = 146, .box_w = 9, .box_h = 12, .ofs_x = 0, .ofs_y = 0},
    {.bitmap_index = 919, .adv_w = 146, .box_w = 9, .box_h = 12, .ofs_x = 0, .ofs_y = 0},
    {.bitmap_index = 974, .adv_w = 76, .box_w = 3, .box_h = 9, .ofs_x = 1, .ofs_y = 0},
    {.bitmap_index = 987, .adv_w = 76, .box_w = 4, .box_h = 13, .ofs_x = 0, .ofs_y = -4},
    {.bitmap_index = 1011, .adv_w = 146, .box_w = 9, .box_h = 8, .ofs_x = 0, .ofs_y = 2},
    {.bitmap_index = 1044, .adv_w = 146, .box_w = 9, .box_h = 6, .ofs_x = 0, .ofs_y = 3},
    {.bitmap_index = 1060, .adv_w = 146, .box_w = 9, .box_h = 8, .ofs_x = 0, .ofs_y = 2},
    {.bitmap_index = 1093, .adv_w = 126, .box_w = 8, .box_h = 12, .ofs_x = 0, .ofs_y = 0},
    {.bitmap_index = 1134, .adv_w = 249, .box_w = 15, .box_h = 15, .ofs_x = 0, .ofs_y = -3},
    {.bitmap_index = 1240, .adv_w = 159, .box_w = 10, .box_h = 12, .ofs_x = 0, .ofs_y = 0},
    {.bitmap_index = 1294, .adv_w = 171, .box_w = 9, .box_h = 12, .ofs_x = 1, .ofs_y = 0},
    {.bitmap_index = 1345, .adv_w = 165, .box_w = 10, .box_h = 12, .ofs_x = 0, .ofs_y = 0},
    {.bitmap_index = 1393, .adv_w = 179, .box_w = 10, .box_h = 12, .ofs_x = 1, .ofs_y = 0},
    {.bitmap_index = 1440, .adv_w = 154, .box_w = 8, .box_h = 12, .ofs_x = 1, .ofs_y = 0},
    {.bitmap_index = 1471, .adv_w = 145, .box_w = 8, .box_h = 12, .ofs_x = 1, .ofs_y = 0},
    {.bitmap_index = 1497, .adv_w = 179, .box_w = 11, .box_h = 12, .ofs_x = 0, .ofs_y = 0},
    {.bitmap_index = 1555, .adv_w = 189, .box_w = 10, .box_h = 12, .ofs_x = 1, .ofs_y = 0},
    {.bitmap_index = 1576, .adv_w = 79, .box_w = 3, .box_h = 12, .ofs_x = 1, .ofs_y = 0},
    {.bitmap_index = 1581, .adv_w = 141, .box_w = 8, .box_h = 12, .ofs_x = 0, .ofs_y = 0},
    {.bitmap_index = 1601, .adv_w = 170, .box_w = 10, .box_h = 12, .ofs_x = 1, .ofs_y = 0},
    {.bitmap_index = 1648, .adv_w = 143, .box_w = 8, .box_h = 12, .ofs_x = 1, .ofs_y = 0},
    {.bitmap_index = 1660, .adv_w = 212, .box_w = 11, .box_h = 12, .ofs_x = 1, .ofs_y = 0},
    {.bitmap_index = 1715, .adv_w = 188, .box_w = 10, .box_h = 12, .ofs_x = 1, .ofs_y = 0},
    {.bitmap_index = 1757, .adv_w = 193, .box_w = 12, .box_h = 12, .ofs_x = 0, .ofs_y = 0},
    {.bitmap_index = 1823, .adv_w = 166, .box_w = 9, .box_h = 12, .ofs_x = 1, .ofs_y = 0},
    {.bitmap_index = 1863, .adv_w = 193, .box_w = 12, .box_h = 15, .ofs_x = 0, .ofs_y = -3},
    {.bitmap_index = 1942, .adv_w = 168, .box_w = 10, .box_h = 12, .ofs_x = 1, .ofs_y = 0},
    {.bitmap_index = 1992, .adv_w = 156, .box_w = 10, .box_h = 12, .ofs_x = 0, .ofs_y = 0},
    {.bitmap_index = 2048, .adv_w = 156, .box_w = 10, .box_h = 12, .ofs_x = 0, .ofs_y = 0},
    {.bitmap_index = 2067, .adv_w = 188, .box_w = 10, .box_h = 12, .ofs_x = 1, .ofs_y = 0},
    {.bitmap_index = 2099, .adv_w = 152, .box_w = 11, .box_h = 12, .ofs_x = -1, .ofs_y = 0},
    {.bitmap_index = 2157, .adv_w = 229, .box_w = 14, .box_h = 12, .ofs_x = 0, .ofs_y = 0},
    {.bitmap_index = 2242, .adv_w = 153, .box_w = 10, .box_h = 12, .ofs_x = 0, .ofs_y = 0},
    {.bitmap_index = 2298, .adv_w = 142, .box_w = 10, .box_h = 12, .ofs_x = -1, .ofs_y = 0},
    {.bitmap_index = 2340, .adv_w = 155, .box_w = 10, .box_h = 12, .ofs_x = 0, .ofs_y = 0},
    {.bitmap_index = 2386, .adv_w = 91, .box_w = 5, .box_h = 16, .ofs_x = 1, .ofs_y = -3},
    {.bitmap_index = 2398, .adv_w = 100, .box_w = 7, .box_h = 16, .ofs_x = 0, .ofs_y = -3},
    {.bitmap_index = 2440, .adv_w = 91, .box_w = 5, .box_h = 16, .ofs_x = 0, .ofs_y = -3},
    {.bitmap_index = 2453, .adv_w = 146, .box_w = 8, .box_h = 7, .ofs_x = 1, .ofs_y = 5},
    {.bitmap_index = 2480, .adv_w = 144, .box_w = 9, .box_h = 2, .ofs_x = 0, .ofs_y = -3},
    {.bitmap_index = 2485, .adv_w = 157, .box_w = 4, .box_h = 5, .ofs_x = 2, .ofs_y = 10},
    {.bitmap_index = 2495, .adv_w = 147, .box_w = 8, .box_h = 9, .ofs_x = 0, .ofs_y = 0},
    {.bitmap_index = 2533, .adv_w = 161, .box_w = 9, .box_h = 13, .ofs_x = 1, .ofs_y = 0},
    {.bitmap_index = 2575, .adv_w = 132, .box_w = 8, .box_h = 9, .ofs_x = 0, .ofs_y = 0},
    {.bitmap_index = 2608, .adv_w = 161, .box_w = 9, .box_h = 13, .ofs_x = 0, .ofs_y = 0},
    {.bitmap_index = 2651, .adv_w = 145, .box_w = 9, .box_h = 9, .ofs_x = 0, .ofs_y = 0},
    {.bitmap_index = 2691, .adv_w = 88, .box_w = 7, .box_h = 13, .ofs_x = 0, .ofs_y = 0},
    {.bitmap_index = 2718, .adv_w = 148, .box_w = 10, .box_h = 13, .ofs_x = 0, .ofs_y = -4},
    {.bitmap_index = 2780, .adv_w = 159, .box_w = 8, .box_h = 13, .ofs_x = 1, .ofs_y = 0},
    {.bitmap_index = 2803, .adv_w = 73, .box_w = 3, .box_h = 13, .ofs_x = 1, .ofs_y = 0},
    {.bitmap_index = 2814, .adv_w = 74, .box_w = 5, .box_h = 17, .ofs_x = -1, .ofs_y = -4},
    {.bitmap_index = 2836, .adv_w = 147, .box_w = 9, .box_h = 13, .ofs_x = 1, .ofs_y = 0},
    {.bitmap_index = 2872, .adv_w = 76, .box_w = 4, .box_h = 13, .ofs_x = 1, .ofs_y = 0},
    {.bitmap_index = 2881, .adv_w = 241, .box_w = 13, .box_h = 9, .ofs_x = 1, .ofs_y = 0},
    {.bitmap_index = 2911, .adv_w = 160, .box_w = 8, .box_h = 9, .ofs_x = 1, .ofs_y = 0},
    {.bitmap_index = 2931, .adv_w = 157, .box_w = 10, .box_h = 9, .ofs_x = 0, .ofs_y = 0},
    {.bitmap_index = 2976, .adv_w = 161, .box_w = 9, .box_h = 13, .ofs_x = 1, .ofs_y = -4},
    {.bitmap_index = 3020, .adv_w = 161, .box_w = 9, .box_h = 13, .ofs_x = 0, .ofs_y = -4},
    {.bitmap_index = 3063, .adv_w = 105, .box_w = 6, .box_h = 9, .ofs_x = 1, .ofs_y = 0},
    {.bitmap_index = 3079, .adv_w = 123, .box_w = 8, .box_h = 9, .ofs_x = 0, .ofs_y = 0},
    {.bitmap_index = 3115, .adv_w = 101, .box_w = 7, .box_h = 12, .ofs_x = 0, .ofs_y = 0},
    {.bitmap_index = 3145, .adv_w = 159, .box_w = 8, .box_h = 9, .ofs_x = 1, .ofs_y = 0},
    {.bitmap_index = 3167, .adv_w = 140, .box_w = 9, .box_h = 9, .ofs_x = 0, .ofs_y = 0},
    {.bitmap_index = 3206, .adv_w = 212, .box_w = 13, .box_h = 9, .ofs_x = 0, .ofs_y = 0},
    {.bitmap_index = 3266, .adv_w = 135, .box_w = 9, .box_h = 9, .ofs_x = 0, .ofs_y = 0},
    {.bitmap_index = 3305, .adv_w = 139, .box_w = 9, .box_h = 13, .ofs_x = 0, .ofs_y = -4},
    {.bitmap_index = 3357, .adv_w = 125, .box_w = 8, .box_h = 9, .ofs_x = 0, .ofs_y = 0},
    {.bitmap_index = 3390, .adv_w = 91, .box_w = 6, .box_h = 16, .ofs_x = 0, .ofs_y = -3},
    {.bitmap_index = 3427, .adv_w = 72, .box_w = 2, .box_h = 18, .ofs_x = 1, .ofs_y = -4},
    {.bitmap_index = 3432, .adv_w = 91, .box_w = 6, .box_h = 16, .ofs_x = 0, .ofs_y = -3},
    {.bitmap_index = 3472, .adv_w = 146, .box_w = 9, .box_h = 4, .ofs_x = 0, .ofs_y = 4},
    {.bitmap_index = 3488, .adv_w = 256, .box_w = 16, .box_h = 2, .ofs_x = 0, .ofs_y = 5},
    {.bitmap_index = 3492, .adv_w = 256, .box_w = 2, .box_h = 17, .ofs_x = 7, .ofs_y = -2},
    {.bitmap_index = 3498, .adv_w = 256, .box_w = 10, .box_h = 9, .ofs_x = 7, .ofs_y = -2},
    {.bitmap_index = 3510, .adv_w = 256, .box_w = 9, .box_h = 9, .ofs_x = 0, .ofs_y = -2},
    {.bitmap_index = 3520, .adv_w = 256, .box_w = 10, .box_h = 10, .ofs_x = 7, .ofs_y = 5},
    {.bitmap_index = 3533, .adv_w = 256, .box_w = 9, .box_h = 10, .ofs_x = 0, .ofs_y = 5},
    {.bitmap_index = 3548, .adv_w = 256, .box_w = 10, .box_h = 17, .ofs_x = 7, .ofs_y = -2},
    {.bitmap_index = 3566, .adv_w = 256, .box_w = 9, .box_h = 17, .ofs_x = 0, .ofs_y = -2},
    {.bitmap_index = 3585, .adv_w = 256, .box_w = 16, .box_h = 9, .ofs_x = 0, .ofs_y = -2},
    {.bitmap_index = 3603, .adv_w = 256, .box_w = 16, .box_h = 10, .ofs_x = 0, .ofs_y = 5},
    {.bitmap_index = 3626, .adv_w = 256, .box_w = 6, .box_h = 5, .ofs_x = 0, .ofs_y = -1},
    {.bitmap_index = 3642, .adv_w = 256, .box_w = 6, .box_h = 15, .ofs_x = 10, .ofs_y = -1},
    {.bitmap_index = 3673, .adv_w = 256, .box_w = 6, .box_h = 15, .ofs_x = 0, .ofs_y = -2},
    {.bitmap_index = 3705, .adv_w = 256, .box_w = 16, .box_h = 3, .ofs_x = 0, .ofs_y = 5},
    {.bitmap_index = 3717, .adv_w = 256, .box_w = 16, .box_h = 14, .ofs_x = 0, .ofs_y = -1},
    {.bitmap_index = 3752, .adv_w = 256, .box_w = 16, .box_h = 14, .ofs_x = 0, .ofs_y = -1},
    {.bitmap_index = 3801, .adv_w = 256, .box_w = 16, .box_h = 14, .ofs_x = 0, .ofs_y = -1},
    {.bitmap_index = 3869, .adv_w = 256, .box_w = 15, .box_h = 16, .ofs_x = 0, .ofs_y = -2},
    {.bitmap_index = 3944, .adv_w = 256, .box_w = 16, .box_h = 14, .ofs_x = 0, .ofs_y = -1},
    {.bitmap_index = 4000, .adv_w = 256, .box_w = 16, .box_h = 16, .ofs_x = 0, .ofs_y = -2},
    {.bitmap_index = 4108, .adv_w = 256, .box_w = 15, .box_h = 15, .ofs_x = 0, .ofs_y = -2},
    {.bitmap_index = 4191, .adv_w = 256, .box_w = 16, .box_h = 15, .ofs_x = 0, .ofs_y = -1},
    {.bitmap_index = 4251, .adv_w = 256, .box_w = 14, .box_h = 14, .ofs_x = 1, .ofs_y = -1},
    {.bitmap_index = 4306, .adv_w = 256, .box_w = 15, .box_h = 15, .ofs_x = 0, .ofs_y = -2},
    {.bitmap_index = 4400, .adv_w = 256, .box_w = 16, .box_h = 15, .ofs_x = 0, .ofs_y = -1},
    {.bitmap_index = 4470, .adv_w = 256, .box_w = 16, .box_h = 12, .ofs_x = 0, .ofs_y = 0},
    {.bitmap_index = 4500, .adv_w = 256, .box_w = 16, .box_h = 15, .ofs_x = 0, .ofs_y = -2},
    {.bitmap_index = 4560, .adv_w = 256, .box_w = 16, .box_h = 16, .ofs_x = 0, .ofs_y = -2},
    {.bitmap_index = 4669, .adv_w = 256, .box_w = 15, .box_h = 16, .ofs_x = 0, .ofs_y = -2},
    {.bitmap_index = 4753, .adv_w = 256, .box_w = 16, .box_h = 16, .ofs_x = 0, .ofs_y = -2},
    {.bitmap_index = 4854, .adv_w = 256, .box_w = 16, .box_h = 15, .ofs_x = 0, .ofs_y = -1},
    {.bitmap_index = 4930, .adv_w = 256, .box_w = 15, .box_h = 16, .ofs_x = 1, .ofs_y = -2},
    {.bitmap_index = 5026, .adv_w = 256, .box_w = 16, .box_h = 16, .ofs_x = 0, .ofs_y = -2},
    {.bitmap_index = 5105, .adv_w = 256, .box_w = 16, .box_h = 15, .ofs_x = 0, .ofs_y = -1},
    {.bitmap_index = 5178, .adv_w = 256, .box_w = 16, .box_h = 16, .ofs_x = 0, .ofs_y = -2},
    {.bitmap_index = 5282, .adv_w = 256, .box_w = 16, .box_h = 16, .ofs_x = 0, .ofs_y = -2},
    {.bitmap_index = 5369, .adv_w = 256, .box_w = 16, .box_h = 15, .ofs_x = 0, .ofs_y = -1},
    {.bitmap_index = 5469, .adv_w = 256, .box_w = 16, .box_h = 16, .ofs_x = 0, .ofs_y = -2},
    {.bitmap_index = 5571, .adv_w = 256, .box_w = 16, .box_h = 15, .ofs_x = 0, .ofs_y = -1},
    {.bitmap_index = 5652, .adv_w = 256, .box_w = 16, .box_h = 16, .ofs_x = 0, .ofs_y = -2},
    {.bitmap_index = 5760, .adv_w = 256, .box_w = 16, .box_h = 15, .ofs_x = 0, .ofs_y = -2},
    {.bitmap_index = 5856, .adv_w = 256, .box_w = 16, .box_h = 16, .ofs_x = 0, .ofs_y = -2},
    {.bitmap_index = 5943, .adv_w = 256, .box_w = 16, .box_h = 15, .ofs_x = 0, .ofs_y = -1},
    {.bitmap_index = 6035, .adv_w = 256, .box_w = 16, .box_h = 16, .ofs_x = 0, .ofs_y = -2},
    {.bitmap_index = 6138, .adv_w = 256, .box_w = 16, .box_h = 14, .ofs_x = 0, .ofs_y = -1},
    {.bitmap_index = 6223, .adv_w = 256, .box_w = 16, .box_h = 15, .ofs_x = 0, .ofs_y = -1},
    {.bitmap_index = 6333, .adv_w = 256, .box_w = 16, .box_h = 15, .ofs_x = 0, .ofs_y = -2},
    {.bitmap_index = 6438, .adv_w = 256, .box_w = 15, .box_h = 15, .ofs_x = 0, .ofs_y = -2},
    {.bitmap_index = 6508, .adv_w = 256, .box_w = 15, .box_h = 15, .ofs_x = 0, .ofs_y = -1},
    {.bitmap_index = 6607, .adv_w = 256, .box_w = 16, .box_h = 16, .ofs_x = 0, .ofs_y = -2},
    {.bitmap_index = 6705, .adv_w = 256, .box_w = 15, .box_h = 15, .ofs_x = 0, .ofs_y = -2},
    {.bitmap_index = 6799, .adv_w = 256, .box_w = 15, .box_h = 15, .ofs_x = 0, .ofs_y = -2},
    {.bitmap_index = 6888, .adv_w = 256, .box_w = 16, .box_h = 15, .ofs_x = 0, .ofs_y = -2},
    {.bitmap_index = 6993, .adv_w = 256, .box_w = 15, .box_h = 15, .ofs_x = 0, .ofs_y = -2},
    {.bitmap_index = 7092, .adv_w = 256, .box_w = 15, .box_h = 16, .ofs_x = 0, .ofs_y = -2},
    {.bitmap_index = 7201, .adv_w = 256, .box_w = 16, .box_h = 15, .ofs_x = 0, .ofs_y = -1},
    {.bitmap_index = 7288, .adv_w = 256, .box_w = 16, .box_h = 15, .ofs_x = 0, .ofs_y = -1},
    {.bitmap_index = 7375, .adv_w = 256, .box_w = 15, .box_h = 14, .ofs_x = 1, .ofs_y = -1},
    {.bitmap_index = 7454, .adv_w = 256, .box_w = 16, .box_h = 15, .ofs_x = 0, .ofs_y = -2},
    {.bitmap_index = 7555, .adv_w = 256, .box_w = 15, .box_h = 14, .ofs_x = 0, .ofs_y = -1},
    {.bitmap_index = 7635, .adv_w = 256, .box_w = 16, .box_h = 14, .ofs_x = 0, .ofs_y = -1},
    {.bitmap_index = 7724, .adv_w = 256, .box_w = 16, .box_h = 16, .ofs_x = 0, .ofs_y = -2},
    {.bitmap_index = 7835, .adv_w = 256, .box_w = 16, .box_h = 15, .ofs_x = 0, .ofs_y = -2},
    {.bitmap_index = 7941, .adv_w = 256, .box_w = 16, .box_h = 17, .ofs_x = 0, .ofs_y = -2},
    {.bitmap_index = 8053, .adv_w = 256, .box_w = 16, .box_h = 14, .ofs_x = 0, .ofs_y = -1},
    {.bitmap_index = 8116, .adv_w = 256, .box_w = 14, .box_h = 15, .ofs_x = 0, .ofs_y = -1},
    {.bitmap_index = 8192, .adv_w = 256, .box_w = 16, .box_h = 16, .ofs_x = 0, .ofs_y = -2},
    {.bitmap_index = 8283, .adv_w = 256, .box_w = 15, .box_h = 16, .ofs_x = 0, .ofs_y = -2},
    {.bitmap_index = 8365, .adv_w = 256, .box_w = 16, .box_h = 14, .ofs_x = 0, .ofs_y = -1},
    {.bitmap_index = 8466, .adv_w = 256, .box_w = 14, .box_h = 14, .ofs_x = 1, .ofs_y = -1},
    {.bitmap_index = 8519, .adv_w = 256, .box_w = 14, .box_h = 14, .ofs_x = 1, .ofs_y = -1},
    {.bitmap_index = 8583, .adv_w = 256, .box_w = 15, .box_h = 15, .ofs_x = 0, .ofs_y = -1},
    {.bitmap_index = 8659, .adv_w = 256, .box_w = 16, .box_h = 15, .ofs_x = 0, .ofs_y = -1},
    {.bitmap_index = 8754, .adv_w = 256, .box_w = 16, .box_h = 15, .ofs_x = 0, .ofs_y = -1},
    {.bitmap_index = 8828, .adv_w = 256, .box_w = 16, .box_h = 14, .ofs_x = 0, .ofs_y = -1},
    {.bitmap_index = 8918, .adv_w = 256, .box_w = 16, .box_h = 15, .ofs_x = 0, .ofs_y = -2},
    {.bitmap_index = 9019, .adv_w = 256, .box_w = 16, .box_h = 15, .ofs_x = 0, .ofs_y = -1},
    {.bitmap_index = 9119, .adv_w = 256, .box_w = 16, .box_h = 16, .ofs_x = 0, .ofs_y = -2},
    {.bitmap_index = 9217, .adv_w = 256, .box_w = 15, .box_h = 16, .ofs_x = 1, .ofs_y = -2},
    {.bitmap_index = 9324, .adv_w = 256, .box_w = 16, .box_h = 15, .ofs_x = 0, .ofs_y = -2},
    {.bitmap_index = 9408, .adv_w = 256, .box_w = 16, .box_h = 15, .ofs_x = 0, .ofs_y = -2},
    {.bitmap_index = 9502, .adv_w = 256, .box_w = 15, .box_h = 16, .ofs_x = 0, .ofs_y = -2},
    {.bitmap_index = 9593, .adv_w = 256, .box_w = 16, .box_h = 15, .ofs_x = 0, .ofs_y = -1},
    {.bitmap_index = 9696, .adv_w = 256, .box_w = 14, .box_h = 15, .ofs_x = 1, .ofs_y = -1},
    {.bitmap_index = 9767, .adv_w = 256, .box_w = 14, .box_h = 16, .ofs_x = 1, .ofs_y = -2},
    {.bitmap_index = 9861, .adv_w = 256, .box_w = 16, .box_h = 16, .ofs_x = 0, .ofs_y = -2},
    {.bitmap_index = 9956, .adv_w = 256, .box_w = 16, .box_h = 16, .ofs_x = 0, .ofs_y = -2},
    {.bitmap_index = 10052, .adv_w = 256, .box_w = 14, .box_h = 16, .ofs_x = 1, .ofs_y = -2},
    {.bitmap_index = 10147, .adv_w = 256, .box_w = 14, .box_h = 15, .ofs_x = 1, .ofs_y = -1},
    {.bitmap_index = 10231, .adv_w = 256, .box_w = 16, .box_h = 15, .ofs_x = 0, .ofs_y = -1},
    {.bitmap_index = 10333, .adv_w = 256, .box_w = 16, .box_h = 14, .ofs_x = 0, .ofs_y = -1},
    {.bitmap_index = 10422, .adv_w = 256, .box_w = 15, .box_h = 14, .ofs_x = 1, .ofs_y = -1},
    {.bitmap_index = 10499, .adv_w = 256, .box_w = 16, .box_h = 15, .ofs_x = 0, .ofs_y = -1},
    {.bitmap_index = 10600, .adv_w = 256, .box_w = 14, .box_h = 14, .ofs_x = 1, .ofs_y = -1},
    {.bitmap_index = 10673, .adv_w = 256, .box_w = 14, .box_h = 15, .ofs_x = 1, .ofs_y = -2},
    {.bitmap_index = 10765, .adv_w = 256, .box_w = 16, .box_h = 15, .ofs_x = 0, .ofs_y = -2},
    {.bitmap_index = 10854, .adv_w = 256, .box_w = 16, .box_h = 15, .ofs_x = 0, .ofs_y = -2},
    {.bitmap_index = 10954, .adv_w = 256, .box_w = 15, .box_h = 14, .ofs_x = 1, .ofs_y = -1},
    {.bitmap_index = 11017, .adv_w = 256, .box_w = 16, .box_h = 15, .ofs_x = 0, .ofs_y = -1},
    {.bitmap_index = 11103, .adv_w = 256, .box_w = 16, .box_h = 14, .ofs_x = 0, .ofs_y = -1},
    {.bitmap_index = 11196, .adv_w = 256, .box_w = 16, .box_h = 16, .ofs_x = 0, .ofs_y = -2},
    {.bitmap_index = 11308, .adv_w = 256, .box_w = 14, .box_h = 14, .ofs_x = 1, .ofs_y = -1},
    {.bitmap_index = 11377, .adv_w = 256, .box_w = 16, .box_h = 16, .ofs_x = 0, .ofs_y = -2},
    {.bitmap_index = 11488, .adv_w = 256, .box_w = 16, .box_h = 16, .ofs_x = 0, .ofs_y = -2},
    {.bitmap_index = 11596, .adv_w = 256, .box_w = 16, .box_h = 15, .ofs_x = 0, .ofs_y = -1},
    {.bitmap_index = 11706, .adv_w = 256, .box_w = 16, .box_h = 15, .ofs_x = 0, .ofs_y = -1},
    {.bitmap_index = 11793, .adv_w = 256, .box_w = 15, .box_h = 15, .ofs_x = 0, .ofs_y = -1},
    {.bitmap_index = 11882, .adv_w = 256, .box_w = 16, .box_h = 16, .ofs_x = 0, .ofs_y = -2},
    {.bitmap_index = 11993, .adv_w = 256, .box_w = 16, .box_h = 16, .ofs_x = 0, .ofs_y = -2},
    {.bitmap_index = 12099, .adv_w = 256, .box_w = 14, .box_h = 16, .ofs_x = 0, .ofs_y = -2},
    {.bitmap_index = 12166, .adv_w = 256, .box_w = 16, .box_h = 16, .ofs_x = 0, .ofs_y = -2},
    {.bitmap_index = 12265, .adv_w = 256, .box_w = 15, .box_h = 15, .ofs_x = 0, .ofs_y = -2},
    {.bitmap_index = 12341, .adv_w = 256, .box_w = 16, .box_h = 15, .ofs_x = 0, .ofs_y = -2},
    {.bitmap_index = 12453, .adv_w = 256, .box_w = 15, .box_h = 15, .ofs_x = 0, .ofs_y = -2},
    {.bitmap_index = 12545, .adv_w = 256, .box_w = 16, .box_h = 15, .ofs_x = 0, .ofs_y = -2},
    {.bitmap_index = 12646, .adv_w = 256, .box_w = 16, .box_h = 15, .ofs_x = 0, .ofs_y = -2},
    {.bitmap_index = 12752, .adv_w = 256, .box_w = 16, .box_h = 15, .ofs_x = 0, .ofs_y = -2},
    {.bitmap_index = 12864, .adv_w = 256, .box_w = 16, .box_h = 16, .ofs_x = 0, .ofs_y = -2},
    {.bitmap_index = 12977, .adv_w = 256, .box_w = 16, .box_h = 15, .ofs_x = 0, .ofs_y = -2},
    {.bitmap_index = 13073, .adv_w = 256, .box_w = 16, .box_h = 15, .ofs_x = 0, .ofs_y = -2},
    {.bitmap_index = 13191, .adv_w = 256, .box_w = 16, .box_h = 16, .ofs_x = 0, .ofs_y = -2},
    {.bitmap_index = 13289, .adv_w = 256, .box_w = 16, .box_h = 16, .ofs_x = 0, .ofs_y = -2},
    {.bitmap_index = 13402, .adv_w = 256, .box_w = 16, .box_h = 15, .ofs_x = 0, .ofs_y = -2},
    {.bitmap_index = 13491, .adv_w = 256, .box_w = 12, .box_h = 14, .ofs_x = 2, .ofs_y = -1},
    {.bitmap_index = 13530, .adv_w = 256, .box_w = 15, .box_h = 15, .ofs_x = 1, .ofs_y = -2},
    {.bitmap_index = 13617, .adv_w = 256, .box_w = 15, .box_h = 15, .ofs_x = 0, .ofs_y = -2},
    {.bitmap_index = 13705, .adv_w = 256, .box_w = 16, .box_h = 14, .ofs_x = 0, .ofs_y = -1},
    {.bitmap_index = 13791, .adv_w = 256, .box_w = 16, .box_h = 15, .ofs_x = 0, .ofs_y = -1},
    {.bitmap_index = 13874, .adv_w = 256, .box_w = 15, .box_h = 15, .ofs_x = 0, .ofs_y = -2},
    {.bitmap_index = 13980, .adv_w = 256, .box_w = 16, .box_h = 14, .ofs_x = 0, .ofs_y = -1},
    {.bitmap_index = 14059, .adv_w = 256, .box_w = 16, .box_h = 14, .ofs_x = 0, .ofs_y = -1},
    {.bitmap_index = 14138, .adv_w = 256, .box_w = 16, .box_h = 14, .ofs_x = 0, .ofs_y = -1},
    {.bitmap_index = 14226, .adv_w = 256, .box_w = 16, .box_h = 14, .ofs_x = 0, .ofs_y = -1},
    {.bitmap_index = 14316, .adv_w = 256, .box_w = 16, .box_h = 16, .ofs_x = 0, .ofs_y = -2},
    {.bitmap_index = 14427, .adv_w = 256, .box_w = 16, .box_h = 16, .ofs_x = 0, .ofs_y = -2},
    {.bitmap_index = 14536, .adv_w = 256, .box_w = 16, .box_h = 16, .ofs_x = 0, .ofs_y = -2},
    {.bitmap_index = 14648, .adv_w = 256, .box_w = 15, .box_h = 15, .ofs_x = 0, .ofs_y = -2},
    {.bitmap_index = 14738, .adv_w = 256, .box_w = 16, .box_h = 14, .ofs_x = 0, .ofs_y = -1},
    {.bitmap_index = 14827, .adv_w = 256, .box_w = 16, .box_h = 15, .ofs_x = 0, .ofs_y = -2},
    {.bitmap_index = 14935, .adv_w = 256, .box_w = 16, .box_h = 16, .ofs_x = 0, .ofs_y = -2},
    {.bitmap_index = 15034, .adv_w = 256, .box_w = 16, .box_h = 14, .ofs_x = 0, .ofs_y = -1},
    {.bitmap_index = 15130, .adv_w = 256, .box_w = 16, .box_h = 14, .ofs_x = 0, .ofs_y = -1},
    {.bitmap_index = 15226, .adv_w = 256, .box_w = 16, .box_h = 15, .ofs_x = 0, .ofs_y = -1},
    {.bitmap_index = 15334, .adv_w = 256, .box_w = 16, .box_h = 16, .ofs_x = 0, .ofs_y = -2},
    {.bitmap_index = 15441, .adv_w = 256, .box_w = 15, .box_h = 15, .ofs_x = 0, .ofs_y = -2},
    {.bitmap_index = 15527, .adv_w = 256, .box_w = 15, .box_h = 15, .ofs_x = 0, .ofs_y = -1},
    {.bitmap_index = 15604, .adv_w = 256, .box_w = 16, .box_h = 15, .ofs_x = 0, .ofs_y = -2},
    {.bitmap_index = 15713, .adv_w = 256, .box_w = 16, .box_h = 15, .ofs_x = 0, .ofs_y = -2},
    {.bitmap_index = 15810, .adv_w = 256, .box_w = 16, .box_h = 14, .ofs_x = 0, .ofs_y = -1},
    {.bitmap_index = 15912, .adv_w = 256, .box_w = 16, .box_h = 14, .ofs_x = 0, .ofs_y = -1},
    {.bitmap_index = 15983, .adv_w = 256, .box_w = 15, .box_h = 15, .ofs_x = 0, .ofs_y = -2},
    {.bitmap_index = 16068, .adv_w = 256, .box_w = 15, .box_h = 14, .ofs_x = 1, .ofs_y = -1},
    {.bitmap_index = 16149, .adv_w = 256, .box_w = 15, .box_h = 16, .ofs_x = 1, .ofs_y = -2},
    {.bitmap_index = 16250, .adv_w = 256, .box_w = 16, .box_h = 15, .ofs_x = 0, .ofs_y = -1},
    {.bitmap_index = 16329, .adv_w = 256, .box_w = 16, .box_h = 16, .ofs_x = 0, .ofs_y = -2},
    {.bitmap_index = 16424, .adv_w = 256, .box_w = 15, .box_h = 16, .ofs_x = 0, .ofs_y = -2},
    {.bitmap_index = 16522, .adv_w = 256, .box_w = 16, .box_h = 15, .ofs_x = 0, .ofs_y = -2},
    {.bitmap_index = 16628, .adv_w = 256, .box_w = 16, .box_h = 15, .ofs_x = 0, .ofs_y = -1},
    {.bitmap_index = 16731, .adv_w = 256, .box_w = 15, .box_h = 16, .ofs_x = 0, .ofs_y = -2},
    {.bitmap_index = 16842, .adv_w = 256, .box_w = 16, .box_h = 14, .ofs_x = 0, .ofs_y = -1},
    {.bitmap_index = 16948, .adv_w = 256, .box_w = 14, .box_h = 15, .ofs_x = 1, .ofs_y = -1},
    {.bitmap_index = 17034, .adv_w = 256, .box_w = 16, .box_h = 15, .ofs_x = 0, .ofs_y = -1},
    {.bitmap_index = 17138, .adv_w = 256, .box_w = 16, .box_h = 15, .ofs_x = 0, .ofs_y = -1},
    {.bitmap_index = 17224, .adv_w = 256, .box_w = 16, .box_h = 15, .ofs_x = 0, .ofs_y = -1},
    {.bitmap_index = 17335, .adv_w = 256, .box_w = 15, .box_h = 15, .ofs_x = 0, .ofs_y = -1},
    {.bitmap_index = 17418, .adv_w = 256, .box_w = 16, .box_h = 15, .ofs_x = 0, .ofs_y = -2},
    {.bitmap_index = 17531, .adv_w = 256, .box_w = 14, .box_h = 15, .ofs_x = 1, .ofs_y = -1},
    {.bitmap_index = 17630, .adv_w = 256, .box_w = 16, .box_h = 14, .ofs_x = 0, .ofs_y = -1},
    {.bitmap_index = 17740, .adv_w = 256, .box_w = 15, .box_h = 15, .ofs_x = 0, .ofs_y = -1},
    {.bitmap_index = 17836, .adv_w = 256, .box_w = 16, .box_h = 15, .ofs_x = 0, .ofs_y = -1},
    {.bitmap_index = 17940, .adv_w = 256, .box_w = 16, .box_h = 15, .ofs_x = 0, .ofs_y = -1},
    {.bitmap_index = 18050, .adv_w = 256, .box_w = 16, .box_h = 16, .ofs_x = 0, .ofs_y = -2},
    {.bitmap_index = 18171, .adv_w = 256, .box_w = 16, .box_h = 15, .ofs_x = 0, .ofs_y = -1},
    {.bitmap_index = 18286, .adv_w = 256, .box_w = 14, .box_h = 14, .ofs_x = 1, .ofs_y = -1},
    {.bitmap_index = 18367, .adv_w = 256, .box_w = 16, .box_h = 14, .ofs_x = 0, .ofs_y = -1},
    {.bitmap_index = 18452, .adv_w = 256, .box_w = 16, .box_h = 14, .ofs_x = 0, .ofs_y = -1},
    {.bitmap_index = 18547, .adv_w = 256, .box_w = 16, .box_h = 14, .ofs_x = 0, .ofs_y = -1},
    {.bitmap_index = 18634, .adv_w = 256, .box_w = 16, .box_h = 15, .ofs_x = 0, .ofs_y = -1},
    {.bitmap_index = 18739, .adv_w = 256, .box_w = 16, .box_h = 16, .ofs_x = 0, .ofs_y = -2},
    {.bitmap_index = 18850, .adv_w = 256, .box_w = 16, .box_h = 14, .ofs_x = 0, .ofs_y = -1},
    {.bitmap_index = 18938, .adv_w = 256, .box_w = 16, .box_h = 14, .ofs_x = 0, .ofs_y = -1},
    {.bitmap_index = 19031, .adv_w = 256, .box_w = 16, .box_h = 14, .ofs_x = 0, .ofs_y = -1},
    {.bitmap_index = 19135, .adv_w = 256, .box_w = 16, .box_h = 15, .ofs_x = 0, .ofs_y = -2},
    {.bitmap_index = 19249, .adv_w = 256, .box_w = 16, .box_h = 16, .ofs_x = 0, .ofs_y = -2},
    {.bitmap_index = 19371, .adv_w = 256, .box_w = 16, .box_h = 15, .ofs_x = 0, .ofs_y = -1},
    {.bitmap_index = 19441, .adv_w = 256, .box_w = 16, .box_h = 14, .ofs_x = 0, .ofs_y = -1},
    {.bitmap_index = 19511, .adv_w = 256, .box_w = 16, .box_h = 15, .ofs_x = 0, .ofs_y = -2},
    {.bitmap_index = 19603, .adv_w = 256, .box_w = 16, .box_h = 16, .ofs_x = 0, .ofs_y = -2},
    {.bitmap_index = 19712, .adv_w = 256, .box_w = 16, .box_h = 15, .ofs_x = 0, .ofs_y = -1},
    {.bitmap_index = 19794, .adv_w = 256, .box_w = 16, .box_h = 16, .ofs_x = 0, .ofs_y = -2},
    {.bitmap_index = 19900, .adv_w = 256, .box_w = 16, .box_h = 16, .ofs_x = 0, .ofs_y = -2},
    {.bitmap_index = 20007, .adv_w = 256, .box_w = 15, .box_h = 15, .ofs_x = 0, .ofs_y = -1},
    {.bitmap_index = 20090, .adv_w = 256, .box_w = 16, .box_h = 15, .ofs_x = 0, .ofs_y = -2},
    {.bitmap_index = 20191, .adv_w = 256, .box_w = 16, .box_h = 15, .ofs_x = 0, .ofs_y = -1},
    {.bitmap_index = 20293, .adv_w = 256, .box_w = 16, .box_h = 15, .ofs_x = 0, .ofs_y = -1},
    {.bitmap_index = 20387, .adv_w = 256, .box_w = 16, .box_h = 16, .ofs_x = 0, .ofs_y = -2},
    {.bitmap_index = 20495, .adv_w = 256, .box_w = 16, .box_h = 14, .ofs_x = 0, .ofs_y = -1},
    {.bitmap_index = 20589, .adv_w = 256, .box_w = 16, .box_h = 15, .ofs_x = 0, .ofs_y = -1},
    {.bitmap_index = 20689, .adv_w = 256, .box_w = 16, .box_h = 16, .ofs_x = 0, .ofs_y = -2},
    {.bitmap_index = 20793, .adv_w = 256, .box_w = 16, .box_h = 16, .ofs_x = 0, .ofs_y = -2},
    {.bitmap_index = 20904, .adv_w = 256, .box_w = 16, .box_h = 15, .ofs_x = 0, .ofs_y = -2},
    {.bitmap_index = 21024, .adv_w = 256, .box_w = 16, .box_h = 15, .ofs_x = 0, .ofs_y = -1},
    {.bitmap_index = 21130, .adv_w = 256, .box_w = 16, .box_h = 14, .ofs_x = 0, .ofs_y = -1},
    {.bitmap_index = 21218, .adv_w = 256, .box_w = 16, .box_h = 16, .ofs_x = 0, .ofs_y = -2},
    {.bitmap_index = 21317, .adv_w = 256, .box_w = 16, .box_h = 16, .ofs_x = 0, .ofs_y = -2},
    {.bitmap_index = 21424, .adv_w = 256, .box_w = 16, .box_h = 16, .ofs_x = 0, .ofs_y = -2},
    {.bitmap_index = 21537, .adv_w = 256, .box_w = 16, .box_h = 16, .ofs_x = 0, .ofs_y = -2},
    {.bitmap_index = 21653, .adv_w = 256, .box_w = 16, .box_h = 16, .ofs_x = 0, .ofs_y = -2},
    {.bitmap_index = 21758, .adv_w = 256, .box_w = 16, .box_h = 16, .ofs_x = 0, .ofs_y = -2},
    {.bitmap_index = 21869, .adv_w = 256, .box_w = 16, .box_h = 15, .ofs_x = 0, .ofs_y = -2},
    {.bitmap_index = 21972, .adv_w = 256, .box_w = 16, .box_h = 16, .ofs_x = 0, .ofs_y = -2},
    {.bitmap_index = 22088, .adv_w = 256, .box_w = 16, .box_h = 14, .ofs_x = 0, .ofs_y = -1},
    {.bitmap_index = 22179, .adv_w = 256, .box_w = 16, .box_h = 15, .ofs_x = 0, .ofs_y = -1},
    {.bitmap_index = 22273, .adv_w = 256, .box_w = 15, .box_h = 16, .ofs_x = 0, .ofs_y = -2},
    {.bitmap_index = 22379, .adv_w = 256, .box_w = 16, .box_h = 14, .ofs_x = 0, .ofs_y = -1},
    {.bitmap_index = 22489, .adv_w = 256, .box_w = 16, .box_h = 15, .ofs_x = 0, .ofs_y = -2},
    {.bitmap_index = 22596, .adv_w = 256, .box_w = 16, .box_h = 14, .ofs_x = 0, .ofs_y = -1},
    {.bitmap_index = 22697, .adv_w = 256, .box_w = 14, .box_h = 16, .ofs_x = 1, .ofs_y = -2},
    {.bitmap_index = 22762, .adv_w = 256, .box_w = 15, .box_h = 16, .ofs_x = 1, .ofs_y = -2},
    {.bitmap_index = 22871, .adv_w = 256, .box_w = 15, .box_h = 16, .ofs_x = 1, .ofs_y = -2},
    {.bitmap_index = 22979, .adv_w = 256, .box_w = 15, .box_h = 16, .ofs_x = 1, .ofs_y = -2},
    {.bitmap_index = 23073, .adv_w = 256, .box_w = 15, .box_h = 16, .ofs_x = 1, .ofs_y = -2},
    {.bitmap_index = 23177, .adv_w = 256, .box_w = 16, .box_h = 14, .ofs_x = 0, .ofs_y = -1},
    {.bitmap_index = 23283, .adv_w = 256, .box_w = 15, .box_h = 15, .ofs_x = 0, .ofs_y = -2},
    {.bitmap_index = 23360, .adv_w = 256, .box_w = 16, .box_h = 16, .ofs_x = 0, .ofs_y = -2},
    {.bitmap_index = 23472, .adv_w = 256, .box_w = 15, .box_h = 15, .ofs_x = 0, .ofs_y = -1},
    {.bitmap_index = 23543, .adv_w = 256, .box_w = 4, .box_h = 13, .ofs_x = 2, .ofs_y = -1},
    {.bitmap_index = 23568, .adv_w = 256, .box_w = 4, .box_h = 6, .ofs_x = 2, .ofs_y = -2},
    {.bitmap_index = 23581, .adv_w = 256, .box_w = 4, .box_h = 12, .ofs_x = 2, .ofs_y = -1}
};

/*---------------------
 *  CHARACTER MAPPING
 *--------------------*/

static const uint16_t unicode_list_1[] = {
    0x0, 0x2, 0xc, 0x10, 0x14, 0x18, 0x1c, 0x24,
    0x2c, 0x34, 0xb02, 0xb10, 0xb11, 0x2900, 0x290a, 0x290b,
    0x290d, 0x290e, 0x2914, 0x2922, 0x2925, 0x292a, 0x292d, 0x293a,
    0x293b, 0x298c, 0x298e, 0x29a4, 0x29a7, 0x29c5, 0x29d4, 0x29e5,
    0x29f6, 0x29fb, 0x2a1a, 0x2a55, 0x2a7f, 0x2add, 0x2ae1, 0x2c45,
    0x2c49, 0x2c65, 0x2c68, 0x2c73, 0x2c8d, 0x2cc6, 0x2d07, 0x2d19,
    0x2d1d, 0x2d4d, 0x2d9f, 0x2da0, 0x2da8, 0x2da9, 0x2dff, 0x2e05,
    0x2e16, 0x2e39, 0x2e4f, 0x2e73, 0x2e9f, 0x2ed1, 0x2ed6, 0x2ed7,
    0x2eef, 0x2f0d, 0x2f0e, 0x2f2f, 0x3168, 0x31de, 0x31fa, 0x3228,
    0x3230, 0x3240, 0x328b, 0x3404, 0x3407, 0x340d, 0x341a, 0x3427,
    0x3431, 0x3482, 0x34cb, 0x3657, 0x3689, 0x368c, 0x369a, 0x369e,
    0x36a1, 0x36c6, 0x36f9, 0x36fc, 0x3706, 0x371a, 0x371d, 0x3742,
    0x374f, 0x38f2, 0x3903, 0x3955, 0x3995, 0x3a53, 0x3aaa, 0x3b62,
    0x3ba8, 0x3bc5, 0x3c0f, 0x3d10, 0x3d16, 0x3d37, 0x3d40, 0x3d6b,
    0x3d7e, 0x3da4, 0x3e01, 0x3e6e, 0x3ea5, 0x3ecf, 0x402f, 0x4070,
    0x4087, 0x40b0, 0x40e0, 0x40e5, 0x40f6, 0x4113, 0x4200, 0x4209,
    0x421f, 0x422a, 0x422c, 0x423a, 0x429c, 0x4338, 0x4621, 0x4622,
    0x4665, 0x47c4, 0x47d5, 0x47e8, 0x4888, 0x4905, 0x4990, 0x4d48,
    0x4d59, 0x4d62, 0x4d69, 0x4eb0, 0x4f06, 0x501f, 0x5028, 0x5035,
    0x5184, 0x51f4, 0x521f, 0x52e5, 0x5301, 0x536c, 0x536e, 0x5481,
    0x54bb, 0x54c1, 0x55cb, 0x567e, 0x56a1, 0x577b, 0x57fb, 0x59bf,
    0x59c6, 0x59cf, 0x59dc, 0x59df, 0x59f4, 0x5a51, 0x5a6e, 0x5a72,
    0x5bcc, 0x5bfd, 0x5c11, 0x5de5, 0x5fdd, 0x63ab, 0x63c5, 0x64e3,
    0x6500, 0x66a1, 0x66a4, 0x66ae, 0x66b0, 0x66be, 0x66bf, 0x66cd,
    0x66d5, 0x66e6, 0x66ed, 0x66ef, 0x66f7, 0x6825, 0x6826, 0x6844,
    0x6a7d, 0x6a93, 0x6ac7, 0x6ace, 0x6adb, 0x6ade, 0x6b01, 0x6b02,
    0x6b1a, 0x6b57, 0x6b75, 0x6c4d, 0x6ccd, 0x6fa5, 0x6fb1, 0x7001,
    0x7019, 0x70ee, 0x7164, 0x718f, 0x7194, 0x719c, 0x7232, 0x7375,
    0x737b, 0x75d8, 0xda01, 0xda0c, 0xda1a
};

/*Collect the unicode lists and glyph_id offsets*/
static const lv_font_fmt_txt_cmap_t cmaps[] =
{
    {
        .range_start = 32, .range_length = 95, .glyph_id_start = 1,
        .unicode_list = NULL, .glyph_id_ofs_list = NULL, .list_length = 0, .type = LV_FONT_FMT_TXT_CMAP_FORMAT0_TINY
    },
    {
        .range_start = 9472, .range_length = 55835, .glyph_id_start = 96,
        .unicode_list = unicode_list_1, .glyph_id_ofs_list = NULL, .list_length = 229, .type = LV_FONT_FMT_TXT_CMAP_SPARSE_TINY
    }
};

/*-----------------
 *    KERNING
 *----------------*/


/*Map glyph_ids to kern left classes*/
static const uint8_t kern_left_class_mapping[] =
{
    0, 0, 0, 1, 0, 0, 0, 0,
    1, 2, 0, 0, 0, 3, 4, 3,
    5, 0, 0, 0, 0, 0, 0, 0,
    0, 0, 0, 6, 6, 0, 0, 0,
    0, 0, 7, 8, 9, 10, 11, 12,
    13, 0, 0, 14, 15, 16, 0, 0,
    10, 17, 10, 18, 19, 20, 21, 22,
    23, 24, 25, 26, 2, 27, 0, 0,
    0, 0, 28, 29, 30, 0, 31, 32,
    33, 34, 0, 0, 35, 36, 34, 34,
    29, 29, 37, 38, 39, 40, 37, 41,
    42, 43, 44, 45, 2, 0, 0, 0,
    0, 0, 0, 0, 0, 0, 0, 0,
    0, 0, 0, 0, 0, 0, 0, 0,
    0, 0, 0, 0, 0, 0, 0, 0,
    0, 0, 0, 0, 0, 0, 0, 0,
    0, 0, 0, 0, 0, 0, 0, 0,
    0, 0, 0, 0, 0, 0, 0, 0,
    0, 0, 0, 0, 0, 0, 0, 0,
    0, 0, 0, 0, 0, 0, 0, 0,
    0, 0, 0, 0, 0, 0, 0, 0,
    0, 0, 0, 0, 0, 0, 0, 0,
    0, 0, 0, 0, 0, 0, 0, 0,
    0, 0, 0, 0, 0, 0, 0, 0,
    0, 0, 0, 0, 0, 0, 0, 0,
    0, 0, 0, 0, 0, 0, 0, 0,
    0, 0, 0, 0, 0, 0, 0, 0,
    0, 0, 0, 0, 0, 0, 0, 0,
    0, 0, 0, 0, 0, 0, 0, 0,
    0, 0, 0, 0, 0, 0, 0, 0,
    0, 0, 0, 0, 0, 0, 0, 0,
    0, 0, 0, 0, 0, 0, 0, 0,
    0, 0, 0, 0, 0, 0, 0, 0,
    0, 0, 0, 0, 0, 0, 0, 0,
    0, 0, 0, 0, 0, 0, 0, 0,
    0, 0, 0, 0, 0, 0, 0, 0,
    0, 0, 0, 0, 0, 0, 0, 0,
    0, 0, 0, 0, 0, 0, 0, 0,
    0, 0, 0, 0, 0, 0, 0, 0,
    0, 0, 0, 0, 0, 0, 0, 0,
    0, 0, 0, 0, 0
};

/*Map glyph_ids to kern right classes*/
static const uint8_t kern_right_class_mapping[] =
{
    0, 0, 1, 2, 0, 0, 0, 0,
    2, 0, 3, 4, 0, 5, 6, 7,
    8, 0, 0, 0, 0, 0, 0, 0,
    0, 0, 0, 9, 10, 0, 0, 0,
    11, 0, 12, 0, 13, 0, 0, 0,
    13, 0, 0, 14, 0, 0, 0, 0,
    13, 0, 13, 0, 15, 16, 17, 18,
    19, 20, 21, 22, 0, 23, 3, 0,
    0, 0, 24, 0, 25, 25, 25, 26,
    27, 0, 28, 29, 0, 0, 30, 30,
    25, 30, 25, 30, 31, 32, 33, 34,
    35, 36, 37, 38, 0, 0, 3, 0,
    0, 0, 0, 0, 0, 0, 0, 0,
    0, 0, 0, 0, 0, 0, 0, 0,
    0, 0, 0, 0, 0, 0, 0, 0,
    0, 0, 0, 0, 0, 0, 0, 0,
    0, 0, 0, 0, 0, 0, 0, 0,
    0, 0, 0, 0, 0, 0, 0, 0,
    0, 0, 0, 0, 0, 0, 0, 0,
    0, 0, 0, 0, 0, 0, 0, 0,
    0, 0, 0, 0, 0, 0, 0, 0,
    0, 0, 0, 0, 0, 0, 0, 0,
    0, 0, 0, 0, 0, 0, 0, 0,
    0, 0, 0, 0, 0, 0, 0, 0,
    0, 0, 0, 0, 0, 0, 0, 0,
    0, 0, 0, 0, 0, 0, 0, 0,
    0, 0, 0, 0, 0, 0, 0, 0,
    0, 0, 0, 0, 0, 0, 0, 0,
    0, 0, 0, 0, 0, 0, 0, 0,
    0, 0, 0, 0, 0, 0, 0, 0,
    0, 0, 0, 0, 0, 0, 0, 0,
    0, 0, 0, 0, 0, 0, 0, 0,
    0, 0, 0, 0, 0, 0, 0, 0,
    0, 0, 0, 0, 0, 0, 0, 0,
    0, 0, 0, 0, 0, 0, 0, 0,
    0, 0, 0, 0, 0, 0, 0, 0,
    0, 0, 0, 0, 0, 0, 0, 0,
    0, 0, 0, 0, 0, 0, 0, 0,
    0, 0, 0, 0, 0, 0, 0, 0,
    0, 0, 0, 0, 0, 0, 0, 0,
    0, 0, 0, 0, 0
};

/*Kern values between classes*/
static const int8_t kern_class_values[] =
{
    0, 0, 0, 0, -35, 0, -35, 0,
    0, 0, 0, -17, 0, -29, -3, 0,
    0, 0, 0, -3, 0, 0, 0, 0,
    -7, 0, 0, 0, 0, 0, -6, 0,
    0, 0, 0, 0, 0, 0, 0, 0,
    0, 0, 0, 0, 0, 0, 0, 0,
    0, 0, 0, -6, 0, 0, 0, 0,
    0, 0, 0, 0, 0, 0, 0, 0,
    0, 0, 23, 0, 0, 0, 0, 0,
    0, 0, 0, 0, 0, -30, 0, -42,
    0, 0, 0, 0, 0, 0, 0, 0,
    0, 0, 0, -28, -6, -20, -10, 0,
    -28, 0, 0, 0, -3, 0, 0, 0,
    8, 0, 0, -15, 0, -12, -7, 0,
    -6, 0, 0, 0, 0, 0, 0, 0,
    0, 0, 0, 0, 0, 0, 0, -6,
    -6, -14, 0, -5, -3, -9, -20, -6,
    0, 0, 0, 0, 0, 0, 0, 0,
    0, -7, 0, -3, 0, -4, 0, 0,
    0, 0, 0, 0, 0, 0, 0, 0,
    0, 0, 0, -12, -3, -23, 0, 0,
    0, 0, 0, 0, 0, 0, 0, -7,
    -8, 0, -3, 6, 6, 0, 0, 1,
    -6, 0, 0, 0, 0, 0, 0, 0,
    0, -12, 0, 0, 0, 0, 0, 0,
    0, 0, 0, 0, 0, 0, 0, 0,
    0, 0, -8, 0, 0, 0, 0, 0,
    0, 0, 1, 0, 0, 0, 0, 0,
    0, 0, 0, 0, 0, -17, 0, -26,
    0, 0, 0, 0, 0, 0, -8, -2,
    -3, 0, 0, -17, -4, -4, 0, 0,
    -4, -2, -12, 6, 0, -3, 0, 0,
    0, 0, 6, -4, -2, -3, -2, -2,
    -3, 0, 0, 0, 0, -9, 0, 0,
    0, 0, 0, 0, 0, 0, 0, -5,
    -4, -7, 0, -2, -2, -2, -4, -2,
    0, 0, 0, 0, 0, 0, 0, 0,
    0, -3, 0, -4, -3, -3, -4, 0,
    0, 0, 0, 0, 0, -8, 0, 0,
    0, 0, 0, 0, -9, -3, -7, -5,
    -4, -2, -2, -2, -3, -3, 0, 0,
    0, 0, -6, 0, 0, 0, 0, -9,
    -3, -4, -3, 0, -4, 0, 0, 0,
    0, -9, 0, 0, 0, -5, 0, 0,
    0, -3, 0, -13, 0, -7, 0, -3,
    -2, -6, -6, -6, 0, 0, 0, 0,
    0, 0, 0, 0, 0, 0, 0, 0,
    0, -4, 0, -3, 0, 0, 0, 0,
    0, 0, 0, 0, 0, 0, 0, 0,
    0, 0, 0, 0, 0, 0, 0, 0,
    0, 0, 0, 0, -3, 0, 0, 0,
    0, 0, 0, -7, 0, -3, 0, -10,
    -3, 0, 0, 0, 0, 0, -23, 0,
    -23, -18, 0, 0, 0, -11, -3, -39,
    -6, 0, 0, 0, 0, -7, -1, -9,
    0, -10, -4, 0, -7, 0, 0, -6,
    -6, -3, -5, -7, -6, -8, -6, -10,
    0, 0, 0, -7, 0, 0, 0, 0,
    0, 0, 0, -2, 0, 0, 0, -6,
    0, -4, -2, 0, 0, 0, 0, 0,
    0, 0, 0, 0, 0, 0, 0, 0,
    0, 0, 0, 0, 0, 0, 0, 0,
    0, 0, -7, 0, -7, 0, 0, 0,
    0, 0, 0, -12, 0, 0, 0, 0,
    0, 0, 0, 0, 0, 0, 0, 0,
    0, 0, 0, 0, 0, 0, 0, 0,
    0, 0, 0, 0, 0, -7, 0, -12,
    0, -10, 0, 0, 0, 0, -3, -3,
    -6, 0, -4, -6, -4, -4, -3, 0,
    -6, 0, 0, 0, -3, 0, 0, 0,
    -3, 0, 0, -11, -4, -7, -6, -6,
    -7, -4, 0, -30, 0, -46, 0, -15,
    0, 0, 0, 0, -11, 0, -8, 0,
    -7, -35, -9, -22, -16, 0, -23, 0,
    -23, 0, -4, -4, -2, 0, 0, 0,
    0, -6, -3, -12, -10, 0, -12, 0,
    0, 0, 0, 0, -34, -9, -34, -19,
    0, 0, 0, -14, 0, -42, -3, -6,
    0, 0, 0, -7, -3, -20, 0, -12,
    -7, 0, -7, 0, 0, 0, -3, 0,
    0, 0, 0, -4, 0, -6, 0, 0,
    0, -3, 0, -9, 0, 0, 0, 0,
    0, -2, 0, -5, -4, -4, 0, 0,
    2, -2, -2, -3, 0, -2, -3, 0,
    -2, 0, 0, 0, 0, 0, 0, 0,
    0, -3, 0, -3, 0, 0, 0, -4,
    0, 4, 0, 0, 0, 0, 0, 0,
    0, -4, -4, -6, 0, 0, 0, 0,
    -4, 0, 0, 0, 0, 0, 0, 0,
    0, 0, 0, -7, 0, 0, 0, 0,
    0, -1, 0, 0, 0, 0, -31, -20,
    -31, -24, -6, -6, 0, -12, -7, -36,
    -10, 0, 0, 0, 0, -6, -4, -15,
    0, -20, -20, -5, -20, 0, 0, -13,
    -17, -5, -13, -9, -9, -10, -9, -21,
    0, 0, 0, 0, -6, 0, -6, -8,
    0, 0, 0, -4, 0, -14, -3, 0,
    0, -2, 0, -3, -4, 0, 0, -2,
    0, 0, -3, 0, 0, 0, -2, 0,
    0, 0, 0, -3, 0, 0, 0, 0,
    0, 0, -20, -5, -20, -12, 0, 0,
    0, -4, -3, -20, -3, 0, -3, 3,
    0, 0, 0, -5, 0, -7, -5, 0,
    -6, 0, 0, -6, -4, 0, -9, -3,
    -3, -5, -3, -7, 0, 0, 0, 0,
    -10, -3, -10, -7, 0, 0, 0, 0,
    -2, -17, -2, 0, 0, 0, 0, 0,
    0, -2, 0, -4, 0, 0, -3, 0,
    0, 0, 0, 0, 0, 0, 0, 0,
    0, -3, 0, -3, 0, -3, 0, -9,
    0, 0, 0, 0, 0, 0, -6, -2,
    -4, -6, -3, 0, 0, 0, 0, 0,
    0, -3, -3, -6, 0, 0, 0, 0,
    0, -6, -3, -6, -4, -3, -6, -4,
    0, 0, 0, 0, -28, -20, -28, -17,
    -8, -8, -3, -4, -4, -29, -5, -4,
    -3, 0, 0, 0, 0, -7, 0, -20,
    -13, 0, -17, 0, 0, -12, -13, -10,
    -10, -4, -7, -10, -4, -14, 0, 0,
    0, 0, 0, -9, 0, 0, 0, 0,
    0, -2, -6, -9, -9, 0, -3, -2,
    -2, 0, -4, -4, 0, -4, -6, -6,
    -4, 0, 0, 0, 0, -4, -6, -4,
    -4, -7, -4, 0, 0, 0, 0, 0,
    0, 0, 0, 0, 0, 0, 0, 0,
    0, 0, 0, -23, -7, -14, -7, 0,
    -20, 0, 0, 0, 0, 0, 9, 0,
    20, 0, 0, 0, 0, -6, -3, 0,
    3, 0, 0, 0, 0, -15, 0, 0,
    0, 0, 0, 0, -5, 0, 0, 0,
    0, -7, 0, -6, -2, 0, -7, 0,
    0, 0, 0, 0, 0, 0, 0, 0,
    0, -4, 0, 0, 0, 0, 0, 0,
    0, -7, 0, -6, -3, 2, -3, 0,
    0, 0, -5, 0, 0, 0, 0, -17,
    0, -5, 0, -2, -14, 0, -8, -4,
    0, -1, 0, 0, 0, 0, -1, -6,
    0, -2, -2, -6, -2, -2, 0, 0,
    0, 0, 0, -7, 0, 0, 0, 0,
    0, 0, 0, 0, 0, -6, 0, -4,
    0, 0, -7, 0, 0, -3, -7, 0,
    -3, 0, 0, 0, 0, -3, 0, 2,
    2, 1, 2, 0, 0, 0, 0, -9,
    0, 3, 0, 0, 0, 0, -3, 0,
    0, -6, -6, -7, 0, -6, -3, 0,
    -8, 0, -7, -4, 0, -1, -3, 0,
    0, 0, 0, -3, 0, 0, 0, -3,
    0, 0, 3, 12, 13, 0, -16, -4,
    -16, -3, 0, 0, 7, 0, 0, 0,
    0, 13, 0, 19, 13, 9, 16, 0,
    15, -6, -3, 0, -4, 0, -3, 0,
    -2, 0, 0, 3, 0, -2, 0, -4,
    0, 0, 3, -9, 0, 0, 0, 12,
    0, 0, -11, 0, 0, 0, 0, -8,
    0, 0, 0, 0, -4, 0, 0, -5,
    -4, 0, 0, 0, 12, 0, 0, 0,
    0, -2, -2, 0, 3, -4, 0, 0,
    0, -9, 0, 0, 0, 0, 0, 0,
    -3, 0, 0, 0, 0, -7, 0, -3,
    0, 0, -6, 0, 0, 0, 0, 0,
    0, 0, 0, 0, 0, 0, 0, 0,
    0, 0, 0, 0, 0, 0, 0, -6,
    3, -16, 3, 0, 3, 3, -5, 0,
    0, 0, 0, -12, 0, 0, 0, 0,
    -4, 0, 0, -3, -6, 0, -3, 0,
    -3, 0, 0, -7, -4, 0, 0, -3,
    0, -3, 0, 0, 0, 0, 0, 0,
    0, 0, 0, 0, 0, 0, 0, 0,
    0, 0, 0, 0, 0, 0, 0, 0,
    0, 0, 0, 0, 0, 0, 3, 0,
    0, 0, 0, 0, 0, 0, 0, 0,
    0, 0, 0, -6, 0, 0, 0, 0,
    0, 0, 0, 0, 0, 0, 0, -6,
    0, -4, 0, 0, -9, 0, 0, 0,
    0, 0, 0, 0, 0, 0, 0, 0,
    0, 0, 0, 0, 0, 0, 0, 0,
    0, 0, -19, -7, -19, -9, 6, 6,
    0, -4, 0, -17, 0, 0, 0, 0,
    0, 0, 0, -3, 3, -7, -3, 0,
    -3, 0, 0, 0, -2, 0, 0, 6,
    4, 0, 6, -2, 0, 0, 0, -12,
    0, 3, 0, 0, 0, 0, -4, 0,
    0, 0, 0, -7, 0, -3, 0, 0,
    -6, 0, 0, 0, 0, 0, 0, 0,
    0, 0, 0, -6, 0, 0, 0, 0,
    0, 0, 0, 0, 0, 0, 0, -8,
    0, 2, 3, 3, -8, 0, 0, 0,
    0, -4, 0, 0, 0, 0, -2, 0,
    0, -6, -4, 0, -3, 0, 0, 0,
    -3, -6, 0, 0, 0, -4, 0, 0,
    0, 0, 0, -3, -12, -3, -12, -6,
    0, 0, 0, -3, 0, -12, 0, -6,
    0, -3, 0, 0, -4, -3, 0, -6,
    -2, 0, 0, 0, -3, 0, 0, 0,
    0, 0, 0, 0, 0, -7, 0, 0,
    0, -3, -16, 0, -16, -2, 0, 0,
    0, -2, 0, -9, 0, -7, 0, -3,
    0, -4, -7, 0, 0, -3, -2, 0,
    0, 0, -3, 0, 0, 0, 0, 0,
    0, 0, 0, -6, -4, 0, 0, -6,
    3, -4, -3, 0, 0, 3, 0, 0,
    -3, 0, -2, -9, 0, -5, 0, -3,
    -10, 0, 0, -3, -6, 0, 0, 0,
    0, 0, 0, -7, 0, 0, 0, 0,
    -2, 0, 0, 0, 0, 0, -12, 0,
    -12, -3, 0, 0, 0, 0, 0, -12,
    0, -6, 0, -2, 0, -2, -3, 0,
    0, -6, -2, 0, 0, 0, -3, 0,
    0, 0, 0, 0, 0, -4, 0, -7,
    0, 0, 0, 0, 0, -6, 0, 0,
    0, 0, 0, 0, 0, 0, 0, -7,
    0, 0, 0, 0, -7, 0, 0, -6,
    -3, 0, -2, 0, 0, 0, 0, 0,
    -3, -2, 0, 0, -2, 0
};


/*Collect the kern class' data in one place*/
static const lv_font_fmt_txt_kern_classes_t kern_classes =
{
    .class_pair_values   = kern_class_values,
    .left_class_mapping  = kern_left_class_mapping,
    .right_class_mapping = kern_right_class_mapping,
    .left_class_cnt      = 45,
    .right_class_cnt     = 38,
};

/*--------------------
 *  ALL CUSTOM DATA
 *--------------------*/

#if LVGL_VERSION_MAJOR == 8
/*Store all the custom data of the font*/
static  lv_font_fmt_txt_glyph_cache_t cache;
#endif

#if LVGL_VERSION_MAJOR >= 8
static const lv_font_fmt_txt_dsc_t font_dsc = {
#else
static lv_font_fmt_txt_dsc_t font_dsc = {
#endif
    .glyph_bitmap = glyph_bitmap,
    .glyph_dsc = glyph_dsc,
    .cmaps = cmaps,
    .kern_dsc = &kern_classes,
    .kern_scale = 16,
    .cmap_num = 2,
    .bpp = 4,
    .kern_classes = 1,
    .bitmap_format = 1,
#if LVGL_VERSION_MAJOR == 8
    .cache = &cache
#endif
};



/*-----------------
 *  PUBLIC FONT
 *----------------*/

/*Initialize a public general font descriptor*/
#if LVGL_VERSION_MAJOR >= 8
const lv_font_t font_china_16 = {
#else
lv_font_t font_china_16 = {
#endif
    .get_glyph_dsc = lv_font_get_glyph_dsc_fmt_txt,    /*Function pointer to get glyph's data*/
    .get_glyph_bitmap = lv_font_get_bitmap_fmt_txt,    /*Function pointer to get glyph's bitmap*/
    .line_height = 19,          /*The maximum line height required by the font*/
    .base_line = 4,             /*Baseline measured from the bottom of the line*/
#if !(LVGL_VERSION_MAJOR == 6 && LVGL_VERSION_MINOR == 0)
    .subpx = LV_FONT_SUBPX_NONE,
#endif
#if LV_VERSION_CHECK(7, 4, 0) || LVGL_VERSION_MAJOR >= 8
    .underline_position = -2,
    .underline_thickness = 1,
#endif
    .dsc = &font_dsc,          /*The custom font data. Will be accessed by `get_glyph_bitmap/dsc` */
#if LV_VERSION_CHECK(8, 2, 0) || LVGL_VERSION_MAJOR >= 9
    .fallback = NULL,
#endif
    .user_data = NULL,
};



#endif /*#if FONT_CHINA_16*/

